-- phpMyAdmin SQL Dump
-- version 4.8.5
-- https://www.phpmyadmin.net/
--
-- Host: 127.0.0.1:3306
-- Generation Time: Apr 22, 2021 at 12:14 PM
-- Server version: 5.7.26
-- PHP Version: 7.3.5

SET SQL_MODE = "NO_AUTO_VALUE_ON_ZERO";
SET AUTOCOMMIT = 0;
START TRANSACTION;
SET time_zone = "+00:00";


/*!40101 SET @OLD_CHARACTER_SET_CLIENT=@@CHARACTER_SET_CLIENT */;
/*!40101 SET @OLD_CHARACTER_SET_RESULTS=@@CHARACTER_SET_RESULTS */;
/*!40101 SET @OLD_COLLATION_CONNECTION=@@COLLATION_CONNECTION */;
/*!40101 SET NAMES utf8mb4 */;

--
-- Database: `eapi`
--

-- --------------------------------------------------------

--
-- Table structure for table `migrations`
--

DROP TABLE IF EXISTS `migrations`;
CREATE TABLE IF NOT EXISTS `migrations` (
  `id` int(10) UNSIGNED NOT NULL AUTO_INCREMENT,
  `migration` varchar(191) COLLATE utf8mb4_unicode_ci NOT NULL,
  `batch` int(11) NOT NULL,
  PRIMARY KEY (`id`)
) ENGINE=MyISAM AUTO_INCREMENT=5 DEFAULT CHARSET=utf8mb4 COLLATE=utf8mb4_unicode_ci;

--
-- Dumping data for table `migrations`
--

INSERT INTO `migrations` (`id`, `migration`, `batch`) VALUES
(1, '2014_10_12_000000_create_users_table', 1),
(2, '2014_10_12_100000_create_password_resets_table', 1),
(3, '2021_04_22_104602_create_products_table', 1),
(4, '2021_04_22_104640_create_reviews_table', 1);

-- --------------------------------------------------------

--
-- Table structure for table `password_resets`
--

DROP TABLE IF EXISTS `password_resets`;
CREATE TABLE IF NOT EXISTS `password_resets` (
  `email` varchar(191) COLLATE utf8mb4_unicode_ci NOT NULL,
  `token` varchar(191) COLLATE utf8mb4_unicode_ci NOT NULL,
  `created_at` timestamp NULL DEFAULT NULL,
  KEY `password_resets_email_index` (`email`)
) ENGINE=MyISAM DEFAULT CHARSET=utf8mb4 COLLATE=utf8mb4_unicode_ci;

-- --------------------------------------------------------

--
-- Table structure for table `products`
--

DROP TABLE IF EXISTS `products`;
CREATE TABLE IF NOT EXISTS `products` (
  `id` int(10) UNSIGNED NOT NULL AUTO_INCREMENT,
  `name` varchar(191) COLLATE utf8mb4_unicode_ci NOT NULL,
  `detail` text COLLATE utf8mb4_unicode_ci NOT NULL,
  `price` int(11) NOT NULL,
  `stock` int(11) NOT NULL,
  `discount` int(11) NOT NULL,
  `created_at` timestamp NULL DEFAULT NULL,
  `updated_at` timestamp NULL DEFAULT NULL,
  PRIMARY KEY (`id`)
) ENGINE=MyISAM AUTO_INCREMENT=51 DEFAULT CHARSET=utf8mb4 COLLATE=utf8mb4_unicode_ci;

--
-- Dumping data for table `products`
--

INSERT INTO `products` (`id`, `name`, `detail`, `price`, `stock`, `discount`, `created_at`, `updated_at`) VALUES
(1, 'iure', 'Tempore maxime autem omnis eum et unde. Excepturi molestiae ullam dolorem facere repellat optio. Laboriosam ullam quam saepe temporibus.', 147, 3, 5, '2021-04-22 10:12:51', '2021-04-22 10:12:51'),
(2, 'optio', 'Placeat facilis repellendus ducimus. Consequatur molestiae expedita debitis ratione.', 713, 8, 5, '2021-04-22 10:12:51', '2021-04-22 10:12:51'),
(3, 'voluptatem', 'Labore sed praesentium est ducimus et. Sit rem voluptatem in pariatur. Omnis minus in numquam similique at exercitationem.', 820, 3, 15, '2021-04-22 10:12:51', '2021-04-22 10:12:51'),
(4, 'corrupti', 'Omnis quaerat vitae est ad ullam odit. Voluptatibus quo sint nostrum et sunt et neque. Error quis et est aut. Tempore voluptatem ea quae alias quos perspiciatis.', 232, 6, 19, '2021-04-22 10:12:51', '2021-04-22 10:12:51'),
(5, 'quia', 'Voluptates magnam possimus ullam explicabo. Eum voluptas molestias voluptate et quis voluptatum saepe. Sunt suscipit quia architecto neque commodi.', 102, 2, 20, '2021-04-22 10:12:51', '2021-04-22 10:12:51'),
(6, 'maxime', 'Voluptas quisquam nihil labore hic omnis quisquam. Porro necessitatibus ratione sint velit aliquam velit beatae praesentium. Aliquam dolore dicta et nobis voluptas cupiditate sequi. Iure nostrum deleniti quibusdam ut nostrum.', 231, 8, 13, '2021-04-22 10:12:51', '2021-04-22 10:12:51'),
(7, 'porro', 'Sed alias a aut quam aut enim. Eligendi quas veniam fuga iste enim. Earum aut amet qui aut qui explicabo maxime. Dolor dolorum rem modi velit et delectus molestiae ut.', 469, 5, 24, '2021-04-22 10:12:51', '2021-04-22 10:12:51'),
(8, 'natus', 'Et et quas vel quas nihil itaque voluptatibus. Nesciunt ut quas sint sunt et. Ut et animi blanditiis quis quo ea. Libero at accusamus iure animi.', 142, 0, 18, '2021-04-22 10:12:51', '2021-04-22 10:12:51'),
(9, 'velit', 'Eos deserunt dolor laboriosam aspernatur alias maiores. Ex vitae id facilis nesciunt aperiam aut et. Molestias et nobis consequatur cumque facilis.', 591, 9, 21, '2021-04-22 10:12:51', '2021-04-22 10:12:51'),
(10, 'id', 'Eius ut repellendus a itaque libero vel. Ut sed magni necessitatibus aut. Delectus nihil laborum quis rerum ut nostrum debitis. Quo dolor ab nisi et eius aut rem.', 212, 9, 6, '2021-04-22 10:12:51', '2021-04-22 10:12:51'),
(11, 'tenetur', 'Fugiat adipisci omnis totam et veritatis. Esse autem aliquam et quisquam quis et tempora inventore. Necessitatibus adipisci laboriosam consequatur illum consequatur.', 457, 0, 11, '2021-04-22 10:12:51', '2021-04-22 10:12:51'),
(12, 'sapiente', 'Numquam et molestias optio dolorem sapiente expedita velit. Porro omnis repudiandae aspernatur quas facere. Ipsa explicabo asperiores exercitationem.', 118, 9, 9, '2021-04-22 10:12:51', '2021-04-22 10:12:51'),
(13, 'delectus', 'Autem eos voluptas consectetur repudiandae at rerum iure. Autem consequatur blanditiis velit doloribus. Voluptas beatae quasi dolor. Voluptatem ut occaecati autem est et aut.', 393, 7, 10, '2021-04-22 10:12:51', '2021-04-22 10:12:51'),
(14, 'non', 'Blanditiis sapiente hic itaque tempora itaque labore repellat. Earum temporibus cupiditate quia quibusdam.', 899, 9, 28, '2021-04-22 10:12:51', '2021-04-22 10:12:51'),
(15, 'possimus', 'Ea vitae dolorem doloribus autem. Aut consequatur perferendis ipsum totam accusamus porro. Rerum dolorem cupiditate repellat ullam natus autem.', 657, 8, 4, '2021-04-22 10:12:51', '2021-04-22 10:12:51'),
(16, 'dolores', 'Minus laboriosam quasi minus vel modi. Fuga porro perferendis autem quae placeat. Similique ullam deserunt labore consequuntur aperiam.', 370, 0, 15, '2021-04-22 10:12:51', '2021-04-22 10:12:51'),
(17, 'excepturi', 'Et temporibus exercitationem est dolor est. Iusto sed laboriosam ipsa et quisquam temporibus aliquid. Est non accusamus quo sit eveniet vitae quo. Eaque et aliquam et maxime necessitatibus.', 309, 9, 4, '2021-04-22 10:12:51', '2021-04-22 10:12:51'),
(18, 'rerum', 'At eos est fugit dolorum. In minus natus non voluptatibus provident sunt quia. Mollitia modi a perferendis dolore vitae voluptatem non. Corporis rem doloribus libero itaque sapiente est.', 637, 9, 29, '2021-04-22 10:12:51', '2021-04-22 10:12:51'),
(19, 'velit', 'Quasi sint corporis quia est error quae. Non debitis odit qui. Asperiores qui autem adipisci veritatis. Expedita consequatur quia cupiditate fugit nisi rerum.', 860, 6, 28, '2021-04-22 10:12:51', '2021-04-22 10:12:51'),
(20, 'ipsum', 'Nostrum possimus nemo sapiente et. Sunt et molestiae ut modi quo repellat sunt. Voluptatem est illo qui quia.', 982, 4, 20, '2021-04-22 10:12:51', '2021-04-22 10:12:51'),
(21, 'libero', 'Est omnis ipsam aut doloremque distinctio non debitis. Ea iure voluptas voluptate et.', 710, 3, 26, '2021-04-22 10:12:51', '2021-04-22 10:12:51'),
(22, 'ullam', 'Soluta optio aliquid explicabo consequatur minima. Iure consequatur et qui ex suscipit. Aut dolore eligendi quos quos. Dolorum nihil nulla id fugit.', 788, 5, 5, '2021-04-22 10:12:51', '2021-04-22 10:12:51'),
(23, 'a', 'Maxime ipsum consequuntur est provident ut. Dolorum corrupti suscipit dicta voluptatum sed expedita veniam. Natus quam et enim commodi blanditiis. Voluptas exercitationem non impedit soluta facilis.', 264, 1, 28, '2021-04-22 10:12:51', '2021-04-22 10:12:51'),
(24, 'ut', 'Vel dolore ut nisi voluptatibus dolores facilis nostrum. Blanditiis quo sit iste omnis laboriosam. Iusto quia qui deleniti quia qui. Quis magni corrupti perferendis et temporibus aut magnam. Adipisci est illum asperiores porro aut et et.', 439, 1, 17, '2021-04-22 10:12:51', '2021-04-22 10:12:51'),
(25, 'a', 'Excepturi accusantium quia atque qui provident sit sit. Est eius illo dolorem aut. Quam aut et cumque odit hic alias quisquam. Nihil qui dolores ut aliquam totam nihil. Qui nihil ducimus qui.', 424, 6, 6, '2021-04-22 10:12:51', '2021-04-22 10:12:51'),
(26, 'sed', 'Quia et minima ut consequatur quibusdam deleniti. Recusandae asperiores illum facilis. Aut dolorem non et fuga quasi nihil. Minus sit repudiandae officia eos quia.', 953, 3, 5, '2021-04-22 10:12:51', '2021-04-22 10:12:51'),
(27, 'quae', 'Error amet quis dignissimos dolores. Officiis qui cumque aut nesciunt nihil recusandae ut ipsa. Consequatur voluptatem voluptates ex minus impedit est. Eligendi et reiciendis dolor assumenda dicta.', 770, 3, 24, '2021-04-22 10:12:51', '2021-04-22 10:12:51'),
(28, 'dolore', 'Vero inventore ipsum aut. Asperiores qui fugiat fugiat mollitia ratione. Qui est sed accusantium voluptatem nihil possimus aut. Quia officiis dignissimos ut vel quia sit consequuntur.', 286, 4, 11, '2021-04-22 10:12:51', '2021-04-22 10:12:51'),
(29, 'error', 'Nihil ad vel natus reprehenderit qui molestiae molestias. Ut nihil eaque sit praesentium illum ut asperiores sed. Quos vel voluptas ipsa rerum voluptas neque ullam veritatis. Et corporis laborum impedit molestiae.', 603, 4, 23, '2021-04-22 10:12:51', '2021-04-22 10:12:51'),
(30, 'voluptate', 'Porro rerum porro similique qui odio perferendis aut voluptatum. Possimus aut molestiae ipsam qui natus fugiat recusandae sit. Itaque placeat expedita consequatur.', 502, 1, 18, '2021-04-22 10:12:51', '2021-04-22 10:12:51'),
(31, 'corporis', 'Debitis a odit neque voluptatem nobis est accusantium repellendus. Illum officia voluptatem praesentium autem beatae ipsa dolorem eum. Enim quam corporis accusantium numquam reiciendis earum impedit.', 977, 3, 30, '2021-04-22 10:12:51', '2021-04-22 10:12:51'),
(32, 'eligendi', 'Iste facere voluptas rerum. Ullam inventore culpa quia eum aut numquam. Enim sequi distinctio odit qui. Possimus consequuntur sed optio architecto vel.', 671, 9, 2, '2021-04-22 10:12:51', '2021-04-22 10:12:51'),
(33, 'perferendis', 'Nemo sunt et voluptas sit nesciunt et et officiis. Facere nostrum nulla dicta quasi ut. Quo adipisci quas nostrum sint labore. Eveniet ea natus dolorem deleniti itaque.', 935, 0, 14, '2021-04-22 10:12:51', '2021-04-22 10:12:51'),
(34, 'corrupti', 'Et non exercitationem corporis exercitationem suscipit modi. Ducimus perferendis cum quos. Qui et in laudantium libero est consequuntur autem. Quasi quia laudantium quo voluptatibus.', 194, 3, 26, '2021-04-22 10:12:51', '2021-04-22 10:12:51'),
(35, 'sapiente', 'Sit vero sit quo voluptas quis. At nesciunt autem magni libero nihil libero. Occaecati quasi cupiditate tempora dolores dolore.', 102, 4, 10, '2021-04-22 10:12:51', '2021-04-22 10:12:51'),
(36, 'aliquid', 'Et minima culpa nihil. Sed consectetur velit ducimus quisquam. Voluptatum sed iste voluptate consequatur doloremque dignissimos alias quae.', 306, 4, 13, '2021-04-22 10:12:51', '2021-04-22 10:12:51'),
(37, 'fugiat', 'Voluptates expedita eum culpa nihil consectetur maxime. Eum aut porro nostrum deserunt. Eos quis maiores modi. Est possimus illum aliquid quis soluta id et.', 723, 9, 9, '2021-04-22 10:12:51', '2021-04-22 10:12:51'),
(38, 'accusamus', 'Adipisci voluptas magni itaque voluptates consequuntur ipsum quaerat. Eaque provident distinctio commodi. Ipsum quia deserunt illo velit omnis asperiores eum quae. Fuga earum voluptas rerum iusto debitis vel.', 925, 9, 5, '2021-04-22 10:12:51', '2021-04-22 10:12:51'),
(39, 'vel', 'Cumque suscipit nostrum natus sapiente unde beatae et consectetur. Atque qui facere qui aut atque. Aut eaque et consequuntur deserunt et. Ea alias perspiciatis in eum suscipit earum vitae.', 573, 3, 10, '2021-04-22 10:12:51', '2021-04-22 10:12:51'),
(40, 'sint', 'Quia illum odio vel ut non cupiditate provident. Corporis ut deleniti et est exercitationem hic. Officia eveniet aut sapiente dignissimos accusamus optio doloremque. Et dolores dignissimos pariatur voluptas debitis.', 201, 2, 2, '2021-04-22 10:12:51', '2021-04-22 10:12:51'),
(41, 'dolor', 'Ullam cumque consequatur ipsum impedit. Et soluta sed qui numquam excepturi dolorum quo sint. Quaerat sit sunt adipisci hic autem non vero.', 426, 8, 26, '2021-04-22 10:12:51', '2021-04-22 10:12:51'),
(42, 'similique', 'Nesciunt rem sint officia. Sunt itaque praesentium culpa cumque distinctio et quasi. Itaque qui sit sed ipsa qui quo eos. Totam sapiente ad eos.', 982, 9, 9, '2021-04-22 10:12:51', '2021-04-22 10:12:51'),
(43, 'eveniet', 'Unde harum et sit enim et non impedit. Quaerat fugiat suscipit voluptatem ea aperiam. Laborum quibusdam id doloribus perspiciatis explicabo.', 294, 1, 3, '2021-04-22 10:12:51', '2021-04-22 10:12:51'),
(44, 'et', 'Delectus numquam doloribus et omnis non. Quidem reprehenderit qui ex unde. Consectetur eum sit sed et illum distinctio. Doloremque dolore aut ea ut.', 1000, 1, 17, '2021-04-22 10:12:51', '2021-04-22 10:12:51'),
(45, 'rerum', 'Natus molestiae mollitia quae magnam sed excepturi. Id est commodi quos quidem. Blanditiis rerum atque repudiandae ut deserunt.', 328, 2, 14, '2021-04-22 10:12:51', '2021-04-22 10:12:51'),
(46, 'molestias', 'Consequatur et enim labore fuga corporis qui tempora. Eligendi velit consequatur porro voluptatum eligendi suscipit et rerum. Iure dolor dolore id voluptatem mollitia nemo. Sed incidunt et quia temporibus eaque sit.', 106, 2, 4, '2021-04-22 10:12:51', '2021-04-22 10:12:51'),
(47, 'facere', 'Maiores dolores qui expedita nihil sed aliquam fugit sunt. Blanditiis officiis deserunt voluptatem corrupti iste. Aperiam omnis eos reiciendis quia. Vel dolor est deleniti et velit deleniti.', 307, 2, 7, '2021-04-22 10:12:51', '2021-04-22 10:12:51'),
(48, 'est', 'Id dignissimos consequuntur ducimus voluptatem. Aut et ipsam dolor. Iste deleniti quibusdam dolores temporibus et odio. Ut similique aut sit cumque sit voluptas dolores eaque.', 134, 5, 11, '2021-04-22 10:12:51', '2021-04-22 10:12:51'),
(49, 'dolore', 'Numquam magni accusamus nostrum. Non id in aut voluptatem. Vitae earum minus quasi eos voluptatem facilis. Alias numquam explicabo ut ut quia officiis.', 878, 2, 25, '2021-04-22 10:12:51', '2021-04-22 10:12:51'),
(50, 'consequuntur', 'Dolorem quos aspernatur tenetur eaque laborum aut omnis harum. Et quia quae ab ut ad qui repellat. Unde sunt expedita in laboriosam error dolorem perspiciatis.', 293, 2, 3, '2021-04-22 10:12:51', '2021-04-22 10:12:51');

-- --------------------------------------------------------

--
-- Table structure for table `reviews`
--

DROP TABLE IF EXISTS `reviews`;
CREATE TABLE IF NOT EXISTS `reviews` (
  `id` int(10) UNSIGNED NOT NULL AUTO_INCREMENT,
  `product_id` int(10) UNSIGNED NOT NULL,
  `customer` varchar(191) COLLATE utf8mb4_unicode_ci NOT NULL,
  `review` text COLLATE utf8mb4_unicode_ci NOT NULL,
  `star` int(11) NOT NULL,
  `created_at` timestamp NULL DEFAULT NULL,
  `updated_at` timestamp NULL DEFAULT NULL,
  PRIMARY KEY (`id`),
  KEY `reviews_product_id_index` (`product_id`)
) ENGINE=MyISAM AUTO_INCREMENT=301 DEFAULT CHARSET=utf8mb4 COLLATE=utf8mb4_unicode_ci;

--
-- Dumping data for table `reviews`
--

INSERT INTO `reviews` (`id`, `product_id`, `customer`, `review`, `star`, `created_at`, `updated_at`) VALUES
(1, 27, 'Gabrielle Flatley', 'Deleniti officia et aut eos ut omnis. Dolores modi distinctio amet assumenda sunt in harum eius. Velit aspernatur placeat nesciunt molestiae minima illum.', 1, '2021-04-22 10:12:52', '2021-04-22 10:12:52'),
(2, 34, 'Marlene Heidenreich', 'Nobis aperiam veritatis sapiente animi sit qui assumenda ad. Saepe quia alias natus minima. Cumque iste maxime quis.', 1, '2021-04-22 10:12:52', '2021-04-22 10:12:52'),
(3, 20, 'Eleanore Dach', 'Eaque sint harum sequi expedita rerum. Fugit maiores ea quia commodi vero. Consequuntur vitae in nam quia at unde et. Quia iure voluptatem sunt eaque quibusdam. Pariatur in nostrum accusamus.', 0, '2021-04-22 10:12:52', '2021-04-22 10:12:52'),
(4, 18, 'Ebba Veum', 'Consectetur quia ipsa dolore aut et pariatur omnis consequatur. Cumque aspernatur blanditiis sunt molestiae animi omnis voluptatem. Quo et earum nihil quasi at omnis.', 4, '2021-04-22 10:12:52', '2021-04-22 10:12:52'),
(5, 21, 'Warren Beatty', 'Totam ea aut quis veritatis enim. Consequatur ut aut voluptatum. Sit magni eos nisi voluptas aut sit provident.', 4, '2021-04-22 10:12:52', '2021-04-22 10:12:52'),
(6, 30, 'Jovani Schultz', 'Non natus quia ipsum alias odit quisquam. Ipsa quis doloremque dolores quo ex omnis voluptas.', 2, '2021-04-22 10:12:52', '2021-04-22 10:12:52'),
(7, 40, 'Elbert Jakubowski', 'Ut non sunt nihil et cupiditate. Dolorum atque harum iure. Voluptates et nostrum sequi et nihil dolores dolorum magni. Consectetur cumque natus doloribus rem eaque dolores tempore.', 4, '2021-04-22 10:12:52', '2021-04-22 10:12:52'),
(8, 19, 'Dr. Randal Ward III', 'Vero et accusamus dicta tempore sint aut exercitationem. Et sit ipsum illum doloribus. Quod voluptatum corporis et totam eius corporis. Id sint fugiat molestias.', 3, '2021-04-22 10:12:52', '2021-04-22 10:12:52'),
(9, 36, 'Mrs. Destinee Kertzmann', 'Culpa dolor perferendis modi dolores. Consequatur amet distinctio suscipit alias sed asperiores. Debitis praesentium tempore eaque omnis autem dolore temporibus. Ducimus magnam et sed laudantium qui.', 1, '2021-04-22 10:12:52', '2021-04-22 10:12:52'),
(10, 3, 'Cleta Harris', 'Ipsam autem dolorem consequatur delectus non explicabo quidem. Totam perferendis eum maiores enim atque officia et. Dolorum dolor voluptatibus voluptatem recusandae eligendi qui.', 2, '2021-04-22 10:12:52', '2021-04-22 10:12:52'),
(11, 8, 'Orville Senger', 'Est assumenda explicabo harum id. Voluptas cum sint corporis. Occaecati praesentium voluptate ducimus est eum.', 5, '2021-04-22 10:12:52', '2021-04-22 10:12:52'),
(12, 30, 'Shaun Gerlach', 'Nihil ut fugiat nesciunt vitae. Nostrum veniam debitis saepe. Asperiores quasi sit reiciendis suscipit labore pariatur accusantium. Et autem reprehenderit dignissimos consequatur ut.', 1, '2021-04-22 10:12:52', '2021-04-22 10:12:52'),
(13, 26, 'Estefania Rempel', 'Quas consequatur quis laborum aut. Est possimus quasi facilis sit. Recusandae ad asperiores totam illo sunt omnis dicta. Similique eveniet iusto aut commodi. Ipsa quia fugiat omnis.', 1, '2021-04-22 10:12:52', '2021-04-22 10:12:52'),
(14, 35, 'Jany Hoppe', 'Soluta enim non labore blanditiis et aut. Sit odio perferendis dolor voluptatem. Qui et et quos aspernatur voluptatem. Quia aut vitae repellat autem optio esse delectus qui.', 1, '2021-04-22 10:12:52', '2021-04-22 10:12:52'),
(15, 42, 'Miss Petra Corkery MD', 'Nihil officiis sunt incidunt iure deleniti aliquid soluta rerum. Veniam quia aperiam eius alias dolorum est. Quia eveniet consequatur fugiat qui magni non. Quia quis quas nihil nulla aspernatur aut.', 1, '2021-04-22 10:12:52', '2021-04-22 10:12:52'),
(16, 3, 'Ashtyn Vandervort', 'Ex aut rem impedit quia omnis. Minima maiores voluptatibus autem id qui ut similique. Quasi consequuntur et assumenda pariatur ducimus blanditiis. Aliquid qui quas et ab.', 4, '2021-04-22 10:12:52', '2021-04-22 10:12:52'),
(17, 37, 'Mr. Arden Simonis I', 'Suscipit officiis praesentium pariatur et. Culpa commodi quis earum laborum. Dolor explicabo animi unde rerum. Ut consequatur asperiores ut laudantium quae a enim.', 1, '2021-04-22 10:12:52', '2021-04-22 10:12:52'),
(18, 10, 'Katarina Crist', 'Omnis sed blanditiis facere. Illo nesciunt veniam quia sunt deserunt fugit. Id veritatis reprehenderit quia odit.', 4, '2021-04-22 10:12:52', '2021-04-22 10:12:52'),
(19, 41, 'Dr. Victor Koss', 'Delectus sed at doloribus quasi veritatis. Voluptatibus eligendi ipsum porro corrupti officiis fuga. Autem quam nobis aut dolorem. Aperiam quo illum tempore sint sunt voluptate itaque rerum. Et blanditiis voluptas non voluptatem.', 1, '2021-04-22 10:12:52', '2021-04-22 10:12:52'),
(20, 14, 'Maud Sipes', 'Ut sit qui doloribus quam itaque explicabo. A laudantium tempora illo praesentium. Aut consequatur ut iure repellat aliquam est.', 0, '2021-04-22 10:12:52', '2021-04-22 10:12:52'),
(21, 37, 'Mrs. Rosalyn Collier', 'Architecto aut suscipit facere impedit expedita dolor nemo. Est incidunt eum temporibus nesciunt quia. Eligendi quos qui animi perspiciatis odit ut. Laboriosam optio dignissimos nulla ipsam consequatur nostrum vero.', 2, '2021-04-22 10:12:52', '2021-04-22 10:12:52'),
(22, 12, 'Cortney Walter III', 'Ullam optio possimus ipsa fugiat at aspernatur dolores. Odio blanditiis est et sint. Ipsa quam et necessitatibus nostrum sapiente aut.', 1, '2021-04-22 10:12:52', '2021-04-22 10:12:52'),
(23, 6, 'Jorge Fisher', 'Ratione voluptatem nulla unde ut non. Ullam quaerat mollitia quod id omnis veniam autem. Non fugit in consequuntur consequatur quasi.', 5, '2021-04-22 10:12:52', '2021-04-22 10:12:52'),
(24, 33, 'Ofelia Tremblay', 'Quis quia praesentium in possimus autem eligendi debitis. Quis et sed omnis. Velit molestiae et et et consequatur.', 1, '2021-04-22 10:12:52', '2021-04-22 10:12:52'),
(25, 31, 'Mrs. Katelynn Hill', 'Ut doloribus perferendis accusantium omnis nihil consequatur. Minima est illum aut et. Porro fugit nihil atque expedita. Cupiditate quam sit dolorem saepe.', 3, '2021-04-22 10:12:52', '2021-04-22 10:12:52'),
(26, 1, 'Dr. Sharon Lind', 'Et iste eius quibusdam repellat quod ipsa dolorum. Aut cum laboriosam excepturi. Corporis ut sint molestias asperiores. Odio voluptatem qui aut atque.', 1, '2021-04-22 10:12:52', '2021-04-22 10:12:52'),
(27, 19, 'Prof. Samson Murphy II', 'Voluptatem eius ut nisi dolor molestias. Quia id laboriosam aut consequuntur. Quidem a reiciendis possimus sunt autem.', 5, '2021-04-22 10:12:52', '2021-04-22 10:12:52'),
(28, 30, 'Dr. Danielle Tillman', 'Qui qui odio quisquam quis pariatur assumenda. Non reprehenderit sed mollitia nostrum sit qui aut. Magnam voluptatem qui accusamus quae occaecati eaque odit doloremque. Impedit eaque commodi mollitia adipisci.', 4, '2021-04-22 10:12:52', '2021-04-22 10:12:52'),
(29, 7, 'Mrs. Antoinette Christiansen IV', 'Qui aut ut ut qui molestiae sed expedita. Eum dolor quia quo velit omnis. Dolorum et quia iusto harum.', 2, '2021-04-22 10:12:52', '2021-04-22 10:12:52'),
(30, 36, 'Earnestine Bogan', 'Minima vero sapiente distinctio voluptatem nesciunt. Nulla vero dolor non illo. Unde possimus qui voluptatum similique ex cupiditate. Eaque eius accusantium dolores at aliquam. Nisi in eius error consequatur dicta quae.', 2, '2021-04-22 10:12:52', '2021-04-22 10:12:52'),
(31, 23, 'Golden Flatley', 'Et in similique velit natus et reprehenderit amet. Labore similique itaque accusantium ut in. Quo perferendis architecto iusto aliquid est.', 5, '2021-04-22 10:12:52', '2021-04-22 10:12:52'),
(32, 25, 'Doug Upton', 'Suscipit quidem praesentium exercitationem esse. Dolorem optio vitae dicta consequatur voluptate dolor odio veniam. Commodi maxime rerum necessitatibus. Officiis enim consequatur et.', 2, '2021-04-22 10:12:52', '2021-04-22 10:12:52'),
(33, 44, 'Cyrus Zieme', 'Dolores enim architecto quae nihil voluptatum. Tenetur tempora quo voluptatem et accusantium voluptas maxime. Odio consequatur est modi doloremque est suscipit sint. Omnis exercitationem ut aliquam modi quibusdam ut. Quibusdam non dignissimos id.', 4, '2021-04-22 10:12:52', '2021-04-22 10:12:52'),
(34, 31, 'Anibal West', 'Sequi officiis deleniti totam est. Eligendi voluptas explicabo et quia eaque ipsum excepturi. Sed occaecati porro sequi molestiae.', 3, '2021-04-22 10:12:52', '2021-04-22 10:12:52'),
(35, 44, 'Mr. Dangelo Spencer V', 'Laborum aut ipsum repellendus nihil veritatis eum. Est laborum molestiae omnis modi pariatur voluptas. Itaque sed in quas facilis quis culpa. Ut molestias excepturi blanditiis dolorem ab neque quo.', 1, '2021-04-22 10:12:52', '2021-04-22 10:12:52'),
(36, 49, 'Clinton Cruickshank', 'Nulla laudantium rerum et vitae repudiandae quis esse ut. Voluptatem quasi id omnis quam dolore. Sed et facere qui sequi eum commodi praesentium.', 1, '2021-04-22 10:12:52', '2021-04-22 10:12:52'),
(37, 23, 'Chanel Bosco V', 'Eos reprehenderit vel est sit. Praesentium ipsum deleniti rerum ullam. Harum atque vero ratione et.', 4, '2021-04-22 10:12:52', '2021-04-22 10:12:52'),
(38, 46, 'Guillermo Cartwright', 'Accusamus et voluptatem reprehenderit enim nulla est illum. Magnam quibusdam id distinctio error. Optio sint deleniti ab amet voluptatem distinctio. Veritatis fuga sunt dolor in corporis possimus quo.', 4, '2021-04-22 10:12:52', '2021-04-22 10:12:52'),
(39, 49, 'Cordia Hoeger', 'Officiis magni ipsum est aut sed et. Delectus ut dolorum itaque soluta consequatur. Iste aut culpa cupiditate voluptates autem ad.', 0, '2021-04-22 10:12:52', '2021-04-22 10:12:52'),
(40, 33, 'Crystal Heaney V', 'Tempora quibusdam quos reprehenderit quidem necessitatibus harum aliquid. Tempora placeat ut aut sit. Autem aperiam natus molestiae praesentium quo delectus eos. Voluptate necessitatibus at dolor animi.', 4, '2021-04-22 10:12:52', '2021-04-22 10:12:52'),
(41, 36, 'Paxton Lynch', 'Dolore accusamus saepe omnis voluptatem voluptatem provident aut beatae. Accusantium aut aut at libero magnam modi. Quas voluptas illo ut fugit assumenda fugit nihil. Maiores nam saepe molestiae minima repellendus inventore pariatur et.', 4, '2021-04-22 10:12:52', '2021-04-22 10:12:52'),
(42, 12, 'Morton Beer', 'Mollitia molestias repellendus iusto eum rerum ducimus. Aspernatur voluptas unde dolores ipsam unde veniam debitis. Vel eligendi velit voluptatem ut quis dolorum voluptas.', 2, '2021-04-22 10:12:52', '2021-04-22 10:12:52'),
(43, 9, 'Nels Gutmann', 'Architecto dolorem quae vel corrupti. Quam pariatur perspiciatis aspernatur molestiae sit et. Eveniet officiis perspiciatis eveniet eveniet natus quibusdam voluptate.', 1, '2021-04-22 10:12:52', '2021-04-22 10:12:52'),
(44, 30, 'Selina Gislason', 'Dignissimos non suscipit nostrum odit dolorem. Enim temporibus voluptatibus officiis odio sint explicabo aut. Impedit dignissimos dicta vero totam molestias sunt voluptatibus. Sit ut ratione deleniti labore quis quod itaque saepe.', 2, '2021-04-22 10:12:52', '2021-04-22 10:12:52'),
(45, 47, 'Victor Pfannerstill', 'Sint consequatur voluptatibus ad illum et optio iste. Et libero corporis similique maiores quia optio doloribus. Consequatur eligendi nostrum sapiente. Aut quia perspiciatis iusto error ratione.', 5, '2021-04-22 10:12:52', '2021-04-22 10:12:52'),
(46, 40, 'Greyson Kuhlman DVM', 'Veniam nostrum voluptas quaerat repudiandae nihil quaerat quia. Aut alias voluptas consequatur dolorem neque adipisci.', 5, '2021-04-22 10:12:52', '2021-04-22 10:12:52'),
(47, 17, 'Lacy Streich', 'Quam voluptatem necessitatibus aliquid aspernatur aperiam. Quis ullam ut culpa recusandae voluptatibus at iusto. Dolor aut aliquid qui aspernatur dolores. Autem omnis voluptatem praesentium harum est vel ipsam.', 4, '2021-04-22 10:12:52', '2021-04-22 10:12:52'),
(48, 36, 'Dr. Harrison Brakus DDS', 'Eos est qui praesentium sed. Facilis praesentium earum architecto iusto et dolor. Saepe consectetur ex officia ducimus nesciunt dolor. Porro deserunt sed et maiores.', 5, '2021-04-22 10:12:52', '2021-04-22 10:12:52'),
(49, 38, 'Prof. Heidi Reichel', 'Aut in et dolor delectus. Sit voluptatem est et accusamus modi. Ut dolor minima consequatur adipisci. Accusantium voluptatem quis laboriosam voluptatem.', 2, '2021-04-22 10:12:52', '2021-04-22 10:12:52'),
(50, 18, 'Edythe Adams', 'Aut aut necessitatibus et error deserunt sequi laudantium. Quas animi sint animi quidem id adipisci ab. Mollitia ea quis soluta nam.', 2, '2021-04-22 10:12:52', '2021-04-22 10:12:52'),
(51, 8, 'Stanley Koch', 'Non laborum in dolorem qui. Beatae voluptatum voluptatem nobis et beatae.', 2, '2021-04-22 10:12:52', '2021-04-22 10:12:52'),
(52, 41, 'Adelle Haley', 'Qui magni fuga iure excepturi rem quia. Sed repellendus enim culpa maiores quod. Molestias voluptatem eligendi voluptate. Sunt eaque quia necessitatibus culpa fugiat. Molestiae consequatur rerum quibusdam qui et assumenda.', 0, '2021-04-22 10:12:52', '2021-04-22 10:12:52'),
(53, 9, 'Theo Schamberger', 'Vero fuga nihil eveniet harum officiis. Ea ex dicta nulla quis dicta ut. Libero autem inventore magni officia nihil vel qui.', 3, '2021-04-22 10:12:52', '2021-04-22 10:12:52'),
(54, 23, 'Bryon Berge Jr.', 'Iusto nam in non sed. Corrupti porro accusantium aut quos ut minus.', 5, '2021-04-22 10:12:52', '2021-04-22 10:12:52'),
(55, 25, 'Monroe Jones', 'Ratione esse accusantium omnis voluptatem aliquid placeat excepturi. Tenetur tempora architecto facere labore. Aliquid est velit vitae nisi aut nesciunt.', 5, '2021-04-22 10:12:52', '2021-04-22 10:12:52'),
(56, 30, 'Mrs. Zoie Jerde', 'Voluptates corporis occaecati qui. Et iusto maxime laudantium et nisi exercitationem consequatur. Sequi voluptatem rem id repudiandae provident et eum laudantium.', 4, '2021-04-22 10:12:52', '2021-04-22 10:12:52'),
(57, 9, 'Dr. Brent Denesik', 'Minus voluptatem sit molestias molestiae odio. Id error non exercitationem modi qui et architecto. Tempore earum quia et molestias repellendus deserunt. Eos enim nobis sint explicabo.', 2, '2021-04-22 10:12:52', '2021-04-22 10:12:52'),
(58, 18, 'Marlin Bins', 'Et optio quos molestias ipsam neque qui quasi velit. Eveniet accusantium aliquid a error. Sit voluptas quod dolor porro. Consequatur labore eveniet error alias ut voluptatum. Eos voluptas provident nihil non et.', 4, '2021-04-22 10:12:52', '2021-04-22 10:12:52'),
(59, 7, 'Freida Satterfield', 'Dolores nostrum officia debitis enim et earum. Quae sunt minus ut eius occaecati et cumque. Error ea qui ut quis nihil. Incidunt quisquam illo et. Facilis et aut voluptas ut iste sed pariatur distinctio.', 3, '2021-04-22 10:12:52', '2021-04-22 10:12:52'),
(60, 7, 'Eva Upton II', 'Soluta reiciendis debitis ea beatae deleniti. Eos impedit quia assumenda voluptatibus voluptatibus. Reiciendis quae itaque sunt et temporibus laudantium illo.', 0, '2021-04-22 10:12:52', '2021-04-22 10:12:52'),
(61, 37, 'Jeffry Schowalter', 'Deleniti minus expedita est ut sed temporibus. Fugiat quis velit beatae ipsum aut. Voluptates totam ipsam maiores in aliquam qui.', 2, '2021-04-22 10:12:52', '2021-04-22 10:12:52'),
(62, 9, 'Mr. Mohamed Balistreri III', 'Enim eum nobis dolore fuga. Optio quidem provident occaecati odio magnam hic labore. Aspernatur ut quibusdam iure provident rerum et quia nihil.', 1, '2021-04-22 10:12:52', '2021-04-22 10:12:52'),
(63, 46, 'Zora Considine', 'Quasi temporibus dignissimos eum. Asperiores praesentium omnis quia magni saepe. Totam mollitia totam magnam.', 4, '2021-04-22 10:12:52', '2021-04-22 10:12:52'),
(64, 29, 'Kelley Mayert V', 'Impedit qui nihil et dolorem aut laboriosam. Perferendis consectetur cumque laborum ratione sint. Illo rem porro eligendi assumenda.', 3, '2021-04-22 10:12:52', '2021-04-22 10:12:52'),
(65, 43, 'Edythe Heidenreich', 'Praesentium illum omnis quia ipsa qui minima incidunt maxime. Officia quo possimus hic qui. Voluptas est cupiditate molestiae modi.', 1, '2021-04-22 10:12:52', '2021-04-22 10:12:52'),
(66, 20, 'Madonna Block', 'Doloremque quia saepe corporis quo cupiditate blanditiis vel. Officiis non enim tenetur cumque. Quisquam ex libero officia facilis expedita error illo. Et natus voluptates officiis aut et.', 3, '2021-04-22 10:12:52', '2021-04-22 10:12:52'),
(67, 19, 'Mr. Ruben Von V', 'Aut vero non vel qui ipsum facilis perspiciatis. Ea ut non magni laboriosam quos enim. Nisi ut eius et autem.', 5, '2021-04-22 10:12:52', '2021-04-22 10:12:52'),
(68, 15, 'Mariano Hartmann IV', 'Vel sit provident cum distinctio est. Quidem et nisi cupiditate et deleniti fugit natus. Et unde sit aut ratione.', 4, '2021-04-22 10:12:52', '2021-04-22 10:12:52'),
(69, 38, 'Suzanne Moore', 'Nostrum fugiat voluptates sed cupiditate qui distinctio. Reiciendis sit officia est beatae et alias. Quae itaque voluptatem porro consequatur voluptatibus dolor. A velit sit labore quibusdam sit alias maiores.', 0, '2021-04-22 10:12:52', '2021-04-22 10:12:52'),
(70, 39, 'Evan Trantow', 'Voluptas nobis quia beatae aut omnis. Ut voluptas tempore quos quisquam omnis velit minus. Neque consequuntur consequatur harum deleniti.', 3, '2021-04-22 10:12:52', '2021-04-22 10:12:52'),
(71, 33, 'Mr. Johathan Wilkinson I', 'A est dolor eum qui harum reprehenderit. Adipisci impedit illo eveniet aperiam. In assumenda impedit error quia quisquam.', 3, '2021-04-22 10:12:52', '2021-04-22 10:12:52'),
(72, 42, 'Norma Rice', 'Et similique rerum aut alias. Sit aut quidem quia dolorum. Voluptatum non iusto in odit amet. Sit voluptas molestiae ut nulla sint voluptatibus.', 1, '2021-04-22 10:12:52', '2021-04-22 10:12:52'),
(73, 34, 'Renee Larkin', 'Officiis occaecati nobis voluptatem molestiae. Culpa quas facere laboriosam corrupti. Possimus maiores quam velit rem. Eveniet voluptatem fugit aut autem accusamus. Sint in sit ab recusandae.', 5, '2021-04-22 10:12:52', '2021-04-22 10:12:52'),
(74, 30, 'Dr. Abagail Nader MD', 'Ut et id nulla fugit. Est nam qui est velit magnam ut error qui. Nihil rem unde esse qui minus sed et. Iure assumenda ea quia voluptas officiis.', 2, '2021-04-22 10:12:52', '2021-04-22 10:12:52'),
(75, 49, 'Justus Romaguera', 'Ut porro harum enim esse aspernatur quia. Iusto quibusdam molestiae eum sit ipsum beatae. Corrupti provident laudantium esse alias et at aut. Nulla dolores recusandae est doloremque. Earum iusto nihil sint expedita deserunt accusamus praesentium.', 3, '2021-04-22 10:12:52', '2021-04-22 10:12:52'),
(76, 8, 'Don Tremblay', 'Voluptate necessitatibus eaque consequuntur nesciunt. Unde modi est voluptatem dolore. Ut quaerat dolores vel in debitis ab et molestias. Qui et et quo perspiciatis repudiandae perferendis.', 3, '2021-04-22 10:12:52', '2021-04-22 10:12:52'),
(77, 42, 'Devin Block', 'Aut animi harum vero est sunt voluptatum. Quo laboriosam ipsam maxime numquam reprehenderit. Nisi dolorum vitae cumque eius atque ullam.', 0, '2021-04-22 10:12:52', '2021-04-22 10:12:52'),
(78, 29, 'Ellen Stracke', 'Placeat totam harum repellat vitae maiores. Dolores quo sapiente et aperiam est magnam quo.', 2, '2021-04-22 10:12:52', '2021-04-22 10:12:52'),
(79, 28, 'Ms. Audrey Thompson II', 'Eveniet voluptatem quia hic iusto sunt veniam. Vel et mollitia sed. Pariatur vel accusantium aliquam optio sint sunt nulla.', 4, '2021-04-22 10:12:52', '2021-04-22 10:12:52'),
(80, 37, 'Isaac Ullrich', 'Molestiae molestiae tenetur ratione quae sapiente. Aut et consequuntur neque repellat illo eos. Quos sed ex reiciendis numquam et culpa quisquam. At officia molestias alias quia illum quaerat aut.', 1, '2021-04-22 10:12:52', '2021-04-22 10:12:52'),
(81, 18, 'Prof. Katlyn Effertz I', 'Nobis est qui officia. Quod ut ut quam. Alias aut est eaque doloribus aut quisquam modi ipsum. Autem mollitia qui laudantium numquam et.', 0, '2021-04-22 10:12:52', '2021-04-22 10:12:52'),
(82, 35, 'Lionel Walter', 'Eos dolorem dolorem officia omnis laborum assumenda. Omnis et est quia quisquam facere dolorem. Commodi fugiat sint porro ut eius laborum. Temporibus incidunt et ipsum mollitia est animi maxime perspiciatis.', 0, '2021-04-22 10:12:52', '2021-04-22 10:12:52'),
(83, 40, 'Emilia Ernser', 'Quaerat tenetur ex deserunt ex sunt minima. Ipsum nihil dolores non delectus. Quas illum velit aspernatur facilis voluptatum omnis.', 0, '2021-04-22 10:12:52', '2021-04-22 10:12:52'),
(84, 40, 'Bessie Hansen', 'Molestiae occaecati deserunt doloribus quis deserunt. Doloremque et eligendi asperiores itaque. Aut similique aut autem nisi.', 4, '2021-04-22 10:12:52', '2021-04-22 10:12:52'),
(85, 41, 'Prudence Ratke', 'Consequatur beatae et sequi unde alias et quis. Et repellendus itaque neque saepe aliquam qui veniam. Officiis dolor praesentium eius velit earum. Eum sed aspernatur sit quam similique magni nam.', 1, '2021-04-22 10:12:52', '2021-04-22 10:12:52'),
(86, 28, 'Mrs. Vicky Parker', 'Quibusdam soluta saepe veniam ut commodi provident earum. Aperiam dolore nihil maiores voluptas harum vitae veritatis. Facilis sequi dolores repudiandae aliquam.', 5, '2021-04-22 10:12:52', '2021-04-22 10:12:52'),
(87, 7, 'Karli Schumm', 'Nihil iste est hic rem cum commodi alias. Eaque saepe esse ut molestias minima velit. Aut illum corporis ut adipisci quisquam modi. Quia deleniti facilis qui.', 2, '2021-04-22 10:12:52', '2021-04-22 10:12:52'),
(88, 13, 'Vivianne Heaney', 'Maiores omnis necessitatibus ex neque unde. Ratione ipsam commodi modi nesciunt culpa consequatur maxime. Labore reprehenderit fugiat blanditiis laboriosam.', 0, '2021-04-22 10:12:52', '2021-04-22 10:12:52'),
(89, 30, 'Houston Harvey', 'Quo natus quidem sunt placeat et fugiat. Esse eaque occaecati aut labore eveniet. Ut esse architecto veritatis temporibus.', 3, '2021-04-22 10:12:52', '2021-04-22 10:12:52'),
(90, 13, 'Doris Casper MD', 'Enim saepe perspiciatis quidem consequatur officia ea. Eaque voluptate optio aspernatur libero aliquid reprehenderit. Mollitia dolor aut odio quam assumenda reprehenderit ut. Est corporis fugit debitis.', 4, '2021-04-22 10:12:52', '2021-04-22 10:12:52'),
(91, 16, 'Dr. Willy Brown', 'Omnis velit ut et sit dignissimos debitis odio. Iusto aliquid repudiandae quidem dolorem error. Animi aperiam fugiat quo sed quis ex.', 2, '2021-04-22 10:12:52', '2021-04-22 10:12:52'),
(92, 38, 'Prof. Randal Ward V', 'Esse et praesentium qui. Laboriosam dolore inventore consequuntur ipsa rerum hic. Beatae eos sed consequuntur.', 1, '2021-04-22 10:12:52', '2021-04-22 10:12:52'),
(93, 14, 'Travon Tromp', 'Architecto expedita nobis rerum sit totam. Sint architecto doloribus delectus quos nihil neque recusandae. Recusandae quis laboriosam dolore debitis qui tenetur et. Et dicta ratione magni quaerat consequuntur.', 0, '2021-04-22 10:12:52', '2021-04-22 10:12:52'),
(94, 40, 'Prof. Keaton Bernier III', 'Nihil est est aspernatur totam. Est molestias eius sed itaque laborum culpa hic. Vero voluptatem quidem quia hic quasi enim. Sit soluta nihil qui eum minima adipisci sit.', 1, '2021-04-22 10:12:52', '2021-04-22 10:12:52'),
(95, 24, 'Leopold Muller', 'Provident accusamus accusamus et ad. Eaque nobis consequatur est placeat ea est ratione. Qui dicta dolor laudantium est quam quia.', 0, '2021-04-22 10:12:52', '2021-04-22 10:12:52'),
(96, 45, 'Miss Baby Prosacco MD', 'Asperiores ut eaque minima distinctio dolore. Ratione ipsum eveniet magni minus. Soluta in odio non nesciunt ea autem.', 3, '2021-04-22 10:12:52', '2021-04-22 10:12:52'),
(97, 17, 'Kelton Jaskolski III', 'Mollitia et voluptatem rerum et. Et quos quisquam numquam voluptas. Mollitia totam est rerum qui ullam itaque magnam.', 0, '2021-04-22 10:12:52', '2021-04-22 10:12:52'),
(98, 29, 'Savanna Batz V', 'Dolor dolore ex officiis quia exercitationem. Saepe deserunt aut quas. Expedita dolorem totam amet magnam.', 4, '2021-04-22 10:12:52', '2021-04-22 10:12:52'),
(99, 20, 'Roselyn O\'Kon', 'Reiciendis consectetur ut corporis nobis. Eius et facere sapiente ut eos numquam cupiditate. Consequatur quo qui qui non.', 3, '2021-04-22 10:12:52', '2021-04-22 10:12:52'),
(100, 49, 'Aiyana Mitchell', 'Facilis reiciendis suscipit quod nihil non tempora voluptatibus. Aliquam aut qui ut quas magni mollitia maiores ad. Ex quis quisquam est eius est a praesentium quo.', 5, '2021-04-22 10:12:52', '2021-04-22 10:12:52'),
(101, 29, 'Michel Schultz', 'Voluptates voluptate repudiandae qui maiores. Dignissimos id harum qui amet et debitis. Et quo officia deleniti aperiam quia dolor quia aperiam.', 1, '2021-04-22 10:12:52', '2021-04-22 10:12:52'),
(102, 1, 'Kendra Hansen', 'Provident velit tempore quaerat inventore commodi non. Illo nemo omnis numquam. Omnis quo pariatur praesentium non.', 0, '2021-04-22 10:12:52', '2021-04-22 10:12:52'),
(103, 10, 'Dr. Marion Rice V', 'Ut dolorum autem non. Vitae quisquam tempora ut ut. Et architecto voluptatum tenetur.', 3, '2021-04-22 10:12:52', '2021-04-22 10:12:52'),
(104, 9, 'Paolo Brown', 'Rem commodi libero eveniet ea cum rerum. Enim consectetur reprehenderit quis quam recusandae. Voluptas quis nemo tempore maxime velit labore laborum. Facere explicabo sunt qui architecto porro fugiat velit.', 3, '2021-04-22 10:12:52', '2021-04-22 10:12:52'),
(105, 49, 'Milton Mraz I', 'Aut et sint ipsum amet atque sed cupiditate. Consequatur ut omnis sit. Voluptatem ut corporis necessitatibus impedit ad iure. Voluptas explicabo beatae inventore deleniti sed.', 4, '2021-04-22 10:12:52', '2021-04-22 10:12:52'),
(106, 4, 'Jean Terry', 'Quod dolor iste omnis est aut error. Debitis qui nihil molestiae voluptates aliquid. Aut tempora occaecati repellendus repellat est. Magni iure modi reiciendis harum.', 4, '2021-04-22 10:12:52', '2021-04-22 10:12:52'),
(107, 19, 'Eric Durgan', 'Facilis consequuntur est molestias excepturi voluptatum. Sint voluptates labore porro aut ut. Autem accusantium ut ratione suscipit deleniti fugiat.', 2, '2021-04-22 10:12:52', '2021-04-22 10:12:52'),
(108, 4, 'Haylie Koch', 'Et quos ab amet ipsum alias impedit. Vel est fuga et aut incidunt sequi. Dolore dignissimos libero voluptas ab cumque. Soluta tempore odio consequatur dolores.', 0, '2021-04-22 10:12:52', '2021-04-22 10:12:52'),
(109, 41, 'Jovani Nitzsche', 'Omnis ab minus eum. Aut est est distinctio assumenda vitae beatae in. Quam doloremque possimus earum quia.', 4, '2021-04-22 10:12:52', '2021-04-22 10:12:52'),
(110, 23, 'Martine Kilback', 'Quae ipsum nobis dolore expedita et. Facere eveniet id sit reiciendis consectetur. Nihil incidunt molestiae eveniet corporis odio aspernatur error sapiente. Tempora voluptas mollitia est nemo.', 5, '2021-04-22 10:12:52', '2021-04-22 10:12:52'),
(111, 30, 'Dorian Connelly', 'Voluptatem odio exercitationem possimus similique excepturi. Minima quod architecto consequatur ut. Necessitatibus doloribus non non dolorem laborum molestiae neque.', 5, '2021-04-22 10:12:52', '2021-04-22 10:12:52'),
(112, 2, 'Olaf Schroeder', 'Aliquid impedit reiciendis modi est dolorem dolor dolor illum. Officia vitae voluptatum vero molestias et. Inventore libero alias maiores quibusdam.', 0, '2021-04-22 10:12:52', '2021-04-22 10:12:52'),
(113, 45, 'Prof. Ricardo Goodwin DVM', 'Dolore tempore dolorem possimus dolorum. Assumenda qui temporibus accusantium temporibus illo aut. Ut unde numquam dolorem quas. Provident voluptatem maiores totam assumenda.', 4, '2021-04-22 10:12:52', '2021-04-22 10:12:52'),
(114, 24, 'Laurianne Bashirian', 'Est optio dolor ducimus deserunt sed ab quo. Eos molestiae vitae quaerat nesciunt.', 2, '2021-04-22 10:12:52', '2021-04-22 10:12:52'),
(115, 28, 'Hilma Cremin', 'Enim libero non est in asperiores et. Eos ducimus dolorum accusamus facilis vel et est.', 1, '2021-04-22 10:12:52', '2021-04-22 10:12:52'),
(116, 6, 'Cooper Ritchie', 'Quia vitae accusantium quo tempore consequatur. Qui modi quia dolor quaerat est rerum. Iusto quasi animi aut consequatur praesentium.', 1, '2021-04-22 10:12:52', '2021-04-22 10:12:52'),
(117, 39, 'Cassandre Daniel', 'Porro officiis pariatur omnis vel id repudiandae voluptatum. Recusandae quo eius et est possimus. Quia distinctio aspernatur laudantium praesentium impedit voluptatem. Exercitationem impedit eos repellat.', 2, '2021-04-22 10:12:52', '2021-04-22 10:12:52'),
(118, 37, 'Mossie Goyette', 'Tempore architecto odio aliquid vitae perspiciatis vitae eum. Iste eaque quia et perspiciatis dolorum. Officia porro at officiis ipsa assumenda assumenda.', 4, '2021-04-22 10:12:52', '2021-04-22 10:12:52'),
(119, 27, 'Kimberly Price', 'Nobis corporis corporis dolores voluptatibus. Et nihil alias quas in ipsa sequi possimus. Sit sint ut voluptatum perferendis.', 5, '2021-04-22 10:12:52', '2021-04-22 10:12:52'),
(120, 28, 'Keeley Bashirian', 'Ut quis a dolorem. Ratione voluptatum odio omnis nam temporibus voluptas quas. Maiores velit accusamus cupiditate maiores ipsa natus ipsa. Et quae nihil sequi ut.', 0, '2021-04-22 10:12:52', '2021-04-22 10:12:52'),
(121, 38, 'Ms. Evie Durgan V', 'Libero voluptates maiores nesciunt accusantium magnam aliquam nobis. Voluptate facere at qui quisquam. Consectetur quis non placeat.', 4, '2021-04-22 10:12:52', '2021-04-22 10:12:52'),
(122, 10, 'Wilfrid Greenholt', 'Rerum et quaerat ipsa enim eius. Sint labore quos rerum aliquam rerum dolorum. Culpa voluptatem quia est id tempora voluptatem.', 1, '2021-04-22 10:12:52', '2021-04-22 10:12:52'),
(123, 37, 'Scottie Bartell', 'Et explicabo recusandae molestias dolorum voluptates quo. Libero dolores et et a. Blanditiis non voluptatibus laborum pariatur quae.', 5, '2021-04-22 10:12:52', '2021-04-22 10:12:52'),
(124, 46, 'Ms. Kacie Grady', 'Deserunt aperiam fuga earum et modi voluptatem ut. Quis pariatur nihil optio doloremque dolorum. Non rerum harum deserunt nobis aliquid cupiditate atque minima. Iusto qui dignissimos nemo ut non cumque at.', 3, '2021-04-22 10:12:52', '2021-04-22 10:12:52'),
(125, 43, 'Estevan Keebler', 'Distinctio saepe consequatur et eaque cum doloremque est. Debitis suscipit suscipit tempora perferendis ex vel. Sed in aut dolor quibusdam tempore atque cupiditate itaque. Porro dolor minima non quia.', 4, '2021-04-22 10:12:52', '2021-04-22 10:12:52'),
(126, 25, 'Theodora Wiza', 'Omnis voluptatem vel doloremque et autem nulla. Quibusdam qui qui vel voluptatem quia vel. Et totam ab dolores expedita totam. Quod qui dolor et ea optio distinctio expedita.', 0, '2021-04-22 10:12:52', '2021-04-22 10:12:52'),
(127, 48, 'Mariano Bashirian', 'Veritatis facilis asperiores non sed commodi. Quis distinctio et officia. Maxime commodi vitae nisi placeat sint rerum. Enim possimus ut minus est voluptas. Et reiciendis voluptatem eos aut omnis dolore.', 4, '2021-04-22 10:12:52', '2021-04-22 10:12:52'),
(128, 48, 'Markus Lockman III', 'Similique voluptate fuga voluptatibus placeat sit molestiae recusandae. Voluptatem non aspernatur accusantium qui rerum. Nostrum ipsum libero optio autem eum ipsam iste. Consequatur qui voluptatem ipsa cupiditate et et.', 4, '2021-04-22 10:12:52', '2021-04-22 10:12:52'),
(129, 38, 'Prof. Reagan Johnston MD', 'Et earum odio suscipit debitis. Qui voluptatum odio cupiditate ullam accusantium. Quasi sit pariatur et facere dolore accusamus repudiandae. Sunt aperiam optio est provident iusto qui ipsum minus.', 4, '2021-04-22 10:12:52', '2021-04-22 10:12:52'),
(130, 7, 'Edyth Raynor', 'Non qui eos ea ad. Soluta quia necessitatibus blanditiis deserunt voluptas.', 4, '2021-04-22 10:12:52', '2021-04-22 10:12:52'),
(131, 8, 'Cathrine Luettgen', 'Aliquam sit eveniet velit natus doloremque voluptatem. Consequatur sed quia a unde. Nam qui consequatur est sit iusto. Est nostrum quo aut possimus.', 4, '2021-04-22 10:12:52', '2021-04-22 10:12:52'),
(132, 26, 'Abby Reilly Sr.', 'Dolores nisi expedita et reprehenderit cumque fuga. In quia at ut tenetur aut qui. Dolorem totam tempora rerum ut id commodi.', 5, '2021-04-22 10:12:52', '2021-04-22 10:12:52'),
(133, 7, 'Aleen Johns', 'Pariatur nulla architecto et. Eum quia animi in et reprehenderit omnis. Delectus voluptatem sed ab. Aspernatur nostrum neque unde mollitia.', 0, '2021-04-22 10:12:52', '2021-04-22 10:12:52'),
(134, 41, 'Cathy Hilpert', 'Distinctio velit nihil dignissimos excepturi. Dolores sint eos veniam id sint. Autem deleniti voluptas esse aut quis dolorum consequuntur. Aut commodi quia voluptatem voluptatum.', 2, '2021-04-22 10:12:52', '2021-04-22 10:12:52'),
(135, 44, 'Jarvis Towne', 'Amet sed voluptas placeat omnis. Porro dolores aperiam ut fugiat esse minus. Qui eos quam architecto nemo ut sit et.', 3, '2021-04-22 10:12:52', '2021-04-22 10:12:52'),
(136, 36, 'Harley Gleichner V', 'Doloribus autem enim similique. Et id omnis eos minus dolores est temporibus. Quis et cum rerum. Dolorem eum beatae enim tempora in.', 0, '2021-04-22 10:12:52', '2021-04-22 10:12:52'),
(137, 31, 'Eldred Reichel', 'Sint laudantium inventore delectus quaerat id dolor. Neque est ratione possimus eum. Dolorem iusto nihil sunt veritatis numquam consequuntur perspiciatis dolor. Ratione qui inventore explicabo.', 3, '2021-04-22 10:12:52', '2021-04-22 10:12:52'),
(138, 8, 'Price Koepp', 'Id et praesentium ad provident. Sit sequi hic ut dolores assumenda repudiandae maiores. Animi non dolorum vel.', 4, '2021-04-22 10:12:52', '2021-04-22 10:12:52'),
(139, 21, 'Jaylen Swaniawski', 'Architecto molestiae dolorum ad occaecati inventore et ad. Cupiditate est deserunt voluptatibus excepturi sint. Inventore corporis sit et dolorem et.', 0, '2021-04-22 10:12:52', '2021-04-22 10:12:52'),
(140, 1, 'Dariana Lebsack', 'Nemo quae consequuntur est et. Laudantium possimus ratione tempora rerum quibusdam. Optio quia dignissimos veniam dolor illum reiciendis eveniet ut. Est illum qui facere veniam.', 2, '2021-04-22 10:12:52', '2021-04-22 10:12:52'),
(141, 22, 'Queen McCullough', 'Reiciendis non beatae rerum consectetur. Voluptate laboriosam dolorum quia. Corporis nobis alias dolores perspiciatis sequi delectus eius.', 1, '2021-04-22 10:12:52', '2021-04-22 10:12:52'),
(142, 13, 'Jacky Rau', 'Ad quo illum asperiores quia vitae magnam impedit. Excepturi numquam et quis sit ea. Nisi in recusandae sint minus.', 4, '2021-04-22 10:12:52', '2021-04-22 10:12:52'),
(143, 3, 'Norma Boyer', 'Et omnis cumque recusandae molestiae minima velit sed. Occaecati distinctio autem magnam omnis ut eius ut. Vitae harum animi ex recusandae sed. Aut earum a est tempora nihil.', 0, '2021-04-22 10:12:52', '2021-04-22 10:12:52'),
(144, 49, 'Mandy Daugherty', 'Aliquid illum excepturi veritatis libero earum. Tempore cumque nisi molestiae et vel. Quam voluptatem adipisci incidunt non. Inventore incidunt voluptatem officia dignissimos alias suscipit dolores doloremque.', 3, '2021-04-22 10:12:52', '2021-04-22 10:12:52'),
(145, 33, 'Sandy Terry', 'Et iure laboriosam ex ut. Quia fugiat accusantium magnam accusamus qui.', 5, '2021-04-22 10:12:52', '2021-04-22 10:12:52'),
(146, 22, 'Margaret Gutmann PhD', 'Cum aliquam consectetur porro aut tenetur enim animi ducimus. Inventore perspiciatis nam dolore eligendi et vel omnis. Quaerat aspernatur perspiciatis temporibus ut adipisci. Est sint expedita iusto vitae accusamus eligendi veritatis.', 0, '2021-04-22 10:12:52', '2021-04-22 10:12:52'),
(147, 28, 'Camron Kuhic', 'Omnis fugiat voluptatem quia doloremque. Quisquam rerum inventore at corrupti hic beatae cumque reprehenderit. Aliquam sed ad blanditiis illo suscipit sed id.', 1, '2021-04-22 10:12:52', '2021-04-22 10:12:52'),
(148, 7, 'Mrs. Sandy Larkin', 'Nesciunt tempore sit maiores illo corporis. Ipsum maxime quam et rerum at ad ut. Aliquam consequuntur numquam odit ducimus error vel minus. Dolor et quasi a dolorem quibusdam eos porro ipsam. Dolor alias iusto est.', 2, '2021-04-22 10:12:52', '2021-04-22 10:12:52'),
(149, 42, 'Kianna Bins', 'Mollitia aliquam labore est vitae. Expedita odit sint repudiandae qui.', 1, '2021-04-22 10:12:52', '2021-04-22 10:12:52'),
(150, 1, 'Mrs. Aniya Simonis V', 'Corrupti dolores omnis qui voluptate voluptas repellat. Et inventore aut et molestiae. Dolores et labore nam est eveniet officiis.', 1, '2021-04-22 10:12:52', '2021-04-22 10:12:52'),
(151, 22, 'Haleigh Walsh', 'Rerum optio autem culpa qui. Facilis sed et vel dignissimos quo reiciendis. Sed at aut ut a veniam libero. Esse enim ratione dicta quia. Aliquam corporis nihil ut amet reprehenderit at iusto.', 4, '2021-04-22 10:12:52', '2021-04-22 10:12:52'),
(152, 20, 'Edwina Rodriguez', 'Quod aut vitae ut soluta. Nemo repellendus non asperiores nihil voluptatem error. Dolor quo vitae aliquam aut.', 1, '2021-04-22 10:12:52', '2021-04-22 10:12:52'),
(153, 9, 'Ruthie Wolf', 'Est voluptas ut cumque velit qui quam voluptatibus. Qui qui quam assumenda aut recusandae. Mollitia reprehenderit ut voluptatibus sed ut blanditiis eaque. Qui molestiae iusto sapiente facilis vitae eius sit.', 5, '2021-04-22 10:12:52', '2021-04-22 10:12:52'),
(154, 8, 'Katherine Mann', 'Vel culpa quisquam sed saepe eos autem reiciendis voluptatum. Eum et vero quas dolores. Consequatur earum et reprehenderit ducimus quis.', 1, '2021-04-22 10:12:52', '2021-04-22 10:12:52'),
(155, 28, 'Dr. Bernie Padberg', 'Consequatur quo dignissimos quis ut. Neque odio inventore cumque laboriosam est beatae. Consequatur excepturi aut quisquam qui et corrupti. Enim et provident amet.', 3, '2021-04-22 10:12:52', '2021-04-22 10:12:52'),
(156, 22, 'Mrs. Stella Stracke DDS', 'Vel quas ipsa facere amet aut quae quaerat. Numquam repellat voluptatibus debitis qui voluptate porro. Ad vero distinctio sapiente numquam quidem. Sapiente atque totam autem beatae qui autem.', 5, '2021-04-22 10:12:52', '2021-04-22 10:12:52'),
(157, 3, 'Teresa Stracke', 'Aliquid quas adipisci id mollitia consequatur voluptatem soluta sunt. Qui unde iure sint rem beatae autem necessitatibus. Commodi at aut quis quae qui.', 1, '2021-04-22 10:12:52', '2021-04-22 10:12:52'),
(158, 23, 'Eliseo Dach', 'Aut ut numquam minima quasi voluptatibus. Non perspiciatis sit ipsa aspernatur sunt nostrum. Dicta dignissimos voluptatem aut optio totam beatae. Ullam et esse quidem excepturi tempore quos.', 5, '2021-04-22 10:12:52', '2021-04-22 10:12:52'),
(159, 19, 'Ressie Powlowski Sr.', 'Voluptates accusantium corporis impedit ut corporis alias. Nulla rerum quisquam veniam doloremque. Repudiandae aut earum quas ipsum ducimus soluta nulla. Totam nulla vel ad voluptatum perferendis mollitia.', 0, '2021-04-22 10:12:52', '2021-04-22 10:12:52'),
(160, 26, 'Talon Feeney', 'Velit ipsum blanditiis praesentium facere asperiores suscipit. Quo cum laboriosam quis debitis ut excepturi. Inventore ipsum commodi fuga voluptatem. Vitae qui ipsum quam et eos quas aut. Placeat distinctio enim assumenda consequatur placeat nemo.', 5, '2021-04-22 10:12:52', '2021-04-22 10:12:52'),
(161, 25, 'Rhianna Wisoky', 'Voluptatem laborum iste quia non quod nobis et. Aperiam deleniti quia recusandae. Modi ab minus esse exercitationem animi laborum dolor. Ut sunt enim ut ea eveniet qui. Ab ipsam et ab quo quas eum.', 2, '2021-04-22 10:12:52', '2021-04-22 10:12:52'),
(162, 45, 'Mr. Ethel Douglas', 'Accusantium sunt qui inventore in dolor nihil. Et magni eligendi qui provident rerum. Quia repellendus quasi cumque ut ab rerum et.', 5, '2021-04-22 10:12:52', '2021-04-22 10:12:52'),
(163, 26, 'Carmella Osinski', 'Saepe et earum deserunt aut eum deleniti. Aperiam nam sint temporibus voluptate omnis. Dolores omnis excepturi eum consequatur.', 3, '2021-04-22 10:12:52', '2021-04-22 10:12:52'),
(164, 40, 'Columbus Weber', 'Est mollitia aut esse nemo numquam ut. Et sequi doloribus rerum odio officiis eveniet. Assumenda sed quo molestias ab eum.', 3, '2021-04-22 10:12:52', '2021-04-22 10:12:52'),
(165, 36, 'June Price DDS', 'Excepturi quam dolores voluptas laboriosam incidunt. Nemo voluptatem consectetur excepturi laboriosam officiis aut. Ut id libero quaerat sed eligendi illo ut occaecati. Numquam eos architecto officiis provident est est est quis. Rerum aliquid delectus sit voluptatibus voluptatem tenetur.', 1, '2021-04-22 10:12:52', '2021-04-22 10:12:52'),
(166, 12, 'Humberto Mann', 'Provident ut aperiam eaque asperiores. Repudiandae tenetur consequuntur delectus in mollitia. Explicabo pariatur ullam aut hic. Voluptatum dolores inventore occaecati natus.', 3, '2021-04-22 10:12:52', '2021-04-22 10:12:52'),
(167, 44, 'Dr. Abe Schmidt', 'Dolor id debitis labore. Est quia molestias in sapiente alias sed quia. Sunt ducimus in et illum. In quod sit aut. Aut inventore earum repellat.', 1, '2021-04-22 10:12:52', '2021-04-22 10:12:52'),
(168, 28, 'Alaina Jacobi', 'Blanditiis perspiciatis ex inventore quaerat qui magnam. Est et maxime perferendis dolorem facilis. Natus dolor repellat est cumque vitae.', 5, '2021-04-22 10:12:52', '2021-04-22 10:12:52'),
(169, 3, 'Prof. Lacy Huels III', 'Quos ut molestiae qui dolorem corporis assumenda saepe. Consequuntur libero consequuntur id quos reiciendis rerum.', 3, '2021-04-22 10:12:52', '2021-04-22 10:12:52'),
(170, 40, 'Krystina Walsh III', 'Et odit enim a mollitia. Eos odit cum quod sunt velit aperiam adipisci. Nemo sit qui ut fugit deserunt dolorem esse. Et dolor nisi dolor.', 1, '2021-04-22 10:12:52', '2021-04-22 10:12:52'),
(171, 23, 'Palma Ritchie', 'Delectus voluptas itaque explicabo saepe beatae. Perferendis aliquam non dolor asperiores voluptas labore. Consequatur et incidunt voluptates non unde sed.', 2, '2021-04-22 10:12:52', '2021-04-22 10:12:52'),
(172, 36, 'Buddy Krajcik', 'At autem officia dignissimos quo aut quas et non. Ut officiis soluta libero velit aut libero aut. Ipsa reiciendis aut est ut id nostrum porro sunt. Assumenda tempora sed facere molestiae. Esse doloribus architecto maxime harum quia possimus quia maxime.', 0, '2021-04-22 10:12:52', '2021-04-22 10:12:52'),
(173, 23, 'Kianna Block IV', 'Nobis placeat modi velit nulla vel autem. Dolor doloribus ut sint assumenda voluptas neque harum temporibus. Aut et assumenda a temporibus. Voluptatum quia voluptate excepturi.', 0, '2021-04-22 10:12:52', '2021-04-22 10:12:52'),
(174, 45, 'Howard Lehner', 'Iure cum dolor consequuntur laborum omnis deleniti aut. Aperiam ad similique vel aspernatur.', 4, '2021-04-22 10:12:52', '2021-04-22 10:12:52'),
(175, 14, 'April D\'Amore DVM', 'Debitis sint nihil qui inventore. Possimus perferendis alias repudiandae reprehenderit eligendi fuga aut.', 4, '2021-04-22 10:12:52', '2021-04-22 10:12:52'),
(176, 43, 'Elisabeth Brekke', 'Accusamus dolorem commodi in omnis reiciendis possimus porro. Cumque hic reprehenderit rem ducimus delectus officia. Et officiis id inventore itaque et quibusdam odio. Harum accusantium et eum nulla omnis.', 2, '2021-04-22 10:12:52', '2021-04-22 10:12:52'),
(177, 45, 'Dallin Schimmel', 'Vitae rem omnis quisquam cupiditate amet sit. Esse velit molestias velit ipsum quis.', 0, '2021-04-22 10:12:52', '2021-04-22 10:12:52'),
(178, 1, 'Miss Nedra Aufderhar Jr.', 'Quo magnam eum officia ut. Labore nihil blanditiis iure qui inventore consequuntur ea. Quia aut ut dolorem autem iure unde.', 3, '2021-04-22 10:12:52', '2021-04-22 10:12:52'),
(179, 22, 'Mrs. Madisyn Haag', 'Iste similique accusantium magni a incidunt. Aut dolor voluptatem quam nisi saepe. Qui quaerat fugit quas enim.', 4, '2021-04-22 10:12:52', '2021-04-22 10:12:52'),
(180, 46, 'Jakayla Roberts', 'Hic aliquam doloribus eveniet hic provident sed optio. Sapiente repellat quas asperiores sit. Et laborum voluptatibus sit enim.', 5, '2021-04-22 10:12:52', '2021-04-22 10:12:52'),
(181, 48, 'Jan Schiller', 'Omnis odio eos debitis magnam cum error temporibus eos. Consectetur odio et cum sit voluptas. Placeat minus iusto deserunt cupiditate. Sit doloribus dolores autem deserunt.', 3, '2021-04-22 10:12:52', '2021-04-22 10:12:52'),
(182, 36, 'Miss Sadye Kessler I', 'Corrupti dolor tempore fugiat minus. Quam numquam ut nisi voluptatum. Inventore beatae mollitia eos in perspiciatis possimus.', 2, '2021-04-22 10:12:52', '2021-04-22 10:12:52'),
(183, 27, 'Mr. Weston Dickinson MD', 'Autem corrupti dolor fugiat sed optio. Aliquid tempore quia ut mollitia vitae non. Qui nemo minus sequi sunt voluptatibus.', 5, '2021-04-22 10:12:52', '2021-04-22 10:12:52'),
(184, 23, 'Prof. Marcelino Gleason Sr.', 'Quasi neque commodi reiciendis porro eius rerum. Animi quod ab aut. Et enim natus sit eum quas sunt.', 4, '2021-04-22 10:12:52', '2021-04-22 10:12:52'),
(185, 14, 'Jerel Rodriguez', 'Iste neque vel totam molestias facere nulla officia. Harum ut tempore et enim vero magnam aspernatur. Ducimus quasi unde nisi veniam voluptatem. Ipsum omnis soluta id ullam rem sunt ullam iste.', 4, '2021-04-22 10:12:52', '2021-04-22 10:12:52'),
(186, 24, 'Prof. Brown Hagenes', 'Accusamus reprehenderit numquam iusto vitae maxime reiciendis. Aut ut et et. Aperiam officia consequatur voluptatibus earum voluptates.', 3, '2021-04-22 10:12:52', '2021-04-22 10:12:52'),
(187, 36, 'Ms. Mallie Reilly', 'Veniam at iste maiores corrupti. Inventore fugiat est culpa. Officia voluptatibus enim porro eos qui.', 1, '2021-04-22 10:12:52', '2021-04-22 10:12:52'),
(188, 15, 'Brook Reichel', 'Sequi error quibusdam officia velit iure perferendis unde. Unde sunt expedita quam animi officia omnis blanditiis ab. Eligendi ex necessitatibus illum molestiae voluptate qui qui.', 2, '2021-04-22 10:12:52', '2021-04-22 10:12:52'),
(189, 40, 'Eulalia Tillman', 'Velit consequatur temporibus dolor. In doloremque doloribus sunt necessitatibus. Vitae molestias et reiciendis fugiat. Ullam laboriosam aliquid accusamus porro animi quasi enim.', 3, '2021-04-22 10:12:52', '2021-04-22 10:12:52'),
(190, 27, 'Alexys Walker', 'Et saepe quia enim necessitatibus placeat. Repellendus incidunt ea ut quia.', 2, '2021-04-22 10:12:52', '2021-04-22 10:12:52'),
(191, 33, 'Adah Gislason', 'Libero qui commodi eaque possimus. Repudiandae iusto sed autem asperiores exercitationem et. Ipsam eos modi illo iusto sit qui error. Id omnis ea et neque eius.', 2, '2021-04-22 10:12:52', '2021-04-22 10:12:52'),
(192, 26, 'Edyth Heidenreich', 'Consequatur deleniti enim fugiat eum. Ipsam sit perferendis officiis sunt quos. Voluptatem repellat quia et sint explicabo veniam. Aliquam accusamus debitis error aut.', 1, '2021-04-22 10:12:52', '2021-04-22 10:12:52'),
(193, 48, 'Javon Zieme', 'Et voluptatibus totam ipsa suscipit et ipsum. Tenetur aut velit vel harum et. At sit consequuntur eius velit.', 0, '2021-04-22 10:12:52', '2021-04-22 10:12:52'),
(194, 43, 'Adolf Osinski IV', 'Et eligendi nemo pariatur recusandae ad exercitationem blanditiis. Corporis quos voluptatum neque iste est sapiente est. Molestias voluptatibus quasi neque in ipsam. Odio quos et ratione dignissimos delectus excepturi delectus.', 5, '2021-04-22 10:12:52', '2021-04-22 10:12:52'),
(195, 25, 'Prof. Akeem Thompson', 'Ipsa quis laborum sequi aut qui eligendi necessitatibus ipsam. Maiores qui sint voluptatem quas dolores fuga qui. Quae voluptatibus in quos hic.', 3, '2021-04-22 10:12:52', '2021-04-22 10:12:52'),
(196, 32, 'Mabel Buckridge', 'Est deleniti maiores inventore eum enim impedit aut. Eligendi odit nobis ipsum. Aut illum modi minus maiores occaecati.', 0, '2021-04-22 10:12:52', '2021-04-22 10:12:52'),
(197, 5, 'Ms. Penelope Wisozk', 'At nisi qui mollitia eveniet commodi eum. Facere dolorem occaecati quaerat et quam voluptatem rerum. Porro ut aut ad doloremque voluptates.', 3, '2021-04-22 10:12:52', '2021-04-22 10:12:52'),
(198, 2, 'Naomie Lesch', 'Accusamus asperiores nihil nesciunt tenetur aliquam. Ratione labore consequuntur voluptatem non molestiae fugit sit.', 2, '2021-04-22 10:12:52', '2021-04-22 10:12:52'),
(199, 41, 'Neil Shanahan', 'Dolore eveniet et dolorem voluptate qui sint est. Fugit tempore debitis soluta sint aut quae. Est ea sunt officiis eos rerum et.', 2, '2021-04-22 10:12:52', '2021-04-22 10:12:52'),
(200, 24, 'Nicole Heller', 'Et quo modi rerum et. Culpa accusantium beatae necessitatibus deleniti. Officiis quasi laudantium aut ut repellat vitae debitis. Cumque dolores non non quos totam est quos.', 3, '2021-04-22 10:12:52', '2021-04-22 10:12:52'),
(201, 41, 'Constantin Franecki MD', 'Debitis mollitia et quidem exercitationem tempore sint. Neque sunt qui accusamus et sequi odio rerum distinctio. Atque consequatur ex voluptatem fugiat sint dolorem. Ea facere excepturi laborum.', 1, '2021-04-22 10:12:52', '2021-04-22 10:12:52'),
(202, 11, 'Jaclyn Price', 'Voluptatibus ad aliquam est perferendis. Quia sit sed animi expedita qui eos illo repellat. Hic et possimus quas et quam. Commodi qui atque praesentium aut aut ut.', 0, '2021-04-22 10:12:52', '2021-04-22 10:12:52'),
(203, 42, 'Noemi Herman', 'Porro consequatur tenetur nemo quo animi tempora et porro. Qui laborum tempora sit odit enim consequatur. Et veritatis ex non molestiae. Corrupti fugiat earum enim veniam sit cum ea. Totam id in qui facilis.', 2, '2021-04-22 10:12:52', '2021-04-22 10:12:52'),
(204, 50, 'Laverne Parisian', 'Placeat culpa consectetur cumque at asperiores consequatur culpa. Laborum suscipit quia expedita nesciunt saepe voluptas. Quisquam sequi nesciunt culpa illum. In dignissimos non quasi labore.', 2, '2021-04-22 10:12:52', '2021-04-22 10:12:52'),
(205, 31, 'Zula Corwin', 'Rem consequatur a repellendus voluptatibus repellendus illo. Velit et officiis recusandae dolores deleniti iusto. Possimus deleniti voluptatum laborum aliquid omnis. Nihil autem eos ut laboriosam.', 1, '2021-04-22 10:12:52', '2021-04-22 10:12:52'),
(206, 23, 'Adriana West', 'Quas labore deleniti eaque incidunt rerum et aliquid. A non et blanditiis aut.', 2, '2021-04-22 10:12:52', '2021-04-22 10:12:52'),
(207, 6, 'Ansel Bartell', 'Pariatur vitae et qui similique vel. Ea aut alias officia. Similique cumque et error quidem itaque. Architecto laboriosam voluptates sit reprehenderit.', 5, '2021-04-22 10:12:52', '2021-04-22 10:12:52'),
(208, 46, 'Helmer Dach II', 'Recusandae similique laborum et expedita est. In ut soluta exercitationem quia deserunt. Id cupiditate optio aut perspiciatis aut voluptatem. Vel sint ab incidunt.', 1, '2021-04-22 10:12:52', '2021-04-22 10:12:52'),
(209, 26, 'Mrs. Gerry Mills Sr.', 'Deserunt dicta aut nihil architecto et. Consectetur consequuntur quia fugiat alias ab numquam et alias. Aliquam quaerat debitis aliquid reprehenderit non necessitatibus.', 4, '2021-04-22 10:12:52', '2021-04-22 10:12:52'),
(210, 10, 'Julia Krajcik', 'Eum non corrupti enim corrupti pariatur iusto. Sint explicabo nobis et. Iste saepe consequatur odit accusantium.', 1, '2021-04-22 10:12:52', '2021-04-22 10:12:52'),
(211, 2, 'Dorothea Glover', 'Ratione explicabo tempora ea sunt. Eos corrupti aut delectus. Modi non eos illum aut doloribus expedita ut magnam.', 0, '2021-04-22 10:12:52', '2021-04-22 10:12:52');
INSERT INTO `reviews` (`id`, `product_id`, `customer`, `review`, `star`, `created_at`, `updated_at`) VALUES
(212, 23, 'Minerva Jacobson', 'Iure excepturi illum accusantium ut. Ullam cum quis iste est modi rem sequi. Et repudiandae ipsam voluptatibus illo non in quasi enim. Et corrupti nemo alias.', 0, '2021-04-22 10:12:52', '2021-04-22 10:12:52'),
(213, 34, 'Eve Balistreri', 'Occaecati dolores magnam laboriosam non consequuntur. Rem soluta dolores aut ut ex cumque.', 5, '2021-04-22 10:12:52', '2021-04-22 10:12:52'),
(214, 45, 'Eugene Will', 'Et rerum expedita dignissimos saepe id. Commodi quisquam voluptatem itaque ut nobis. Quos itaque delectus accusantium quis. Culpa doloremque quis iusto et hic voluptatem. Aut accusantium asperiores maiores doloremque.', 1, '2021-04-22 10:12:52', '2021-04-22 10:12:52'),
(215, 45, 'Dalton Littel', 'Laudantium repellat sed tempora quis pariatur enim. Repudiandae dicta minima doloremque sint quaerat dolorum rem. Veniam commodi corrupti sapiente aspernatur. Eum facilis optio quibusdam facilis voluptatem.', 1, '2021-04-22 10:12:52', '2021-04-22 10:12:52'),
(216, 8, 'Dr. Dalton Quitzon PhD', 'Qui in nulla sequi maxime adipisci temporibus et. Aut ut doloremque aspernatur nulla eum placeat velit. Ad ullam quia expedita mollitia deleniti quod. Tenetur occaecati quo necessitatibus ratione possimus mollitia ipsam. Et quo distinctio quia ab voluptatum.', 5, '2021-04-22 10:12:52', '2021-04-22 10:12:52'),
(217, 9, 'Benedict Runolfsdottir IV', 'Est porro ad quos. Quia est vero doloremque in cum unde. Ut quos ex ipsam facilis.', 1, '2021-04-22 10:12:52', '2021-04-22 10:12:52'),
(218, 6, 'Miss Shawna Block DVM', 'Voluptatem sed non sit perferendis dolorem et consequatur. Est aperiam odit assumenda est quia nostrum atque. Sit perferendis fugit illum odit. Quia velit quia doloremque illo ab.', 5, '2021-04-22 10:12:52', '2021-04-22 10:12:52'),
(219, 41, 'Mrs. Katelyn Wehner MD', 'Et et quod corporis sapiente sequi voluptas mollitia at. Rerum unde neque sit quasi eum. Et aut ut eaque dolor nesciunt. Et aut inventore aliquam.', 0, '2021-04-22 10:12:52', '2021-04-22 10:12:52'),
(220, 14, 'Dr. Hardy Auer', 'Est vitae quis eligendi voluptatem quis in necessitatibus. Nemo dolores nihil sit reprehenderit aut sint numquam. Quod maxime maxime perspiciatis nulla assumenda maiores maiores. Expedita blanditiis voluptatum dignissimos illum rerum totam rem.', 5, '2021-04-22 10:12:52', '2021-04-22 10:12:52'),
(221, 42, 'Miss Queen Roob', 'Eos laborum ducimus explicabo quo necessitatibus aperiam quas. Perferendis eligendi dolorum laudantium assumenda aut odio. Corporis qui aliquam pariatur voluptatibus aut rerum sit.', 1, '2021-04-22 10:12:52', '2021-04-22 10:12:52'),
(222, 19, 'Dr. Triston Hammes IV', 'Laudantium a voluptatem deleniti praesentium quo consequatur. Aut ex quisquam illum voluptatibus et quam assumenda. Similique aperiam provident voluptates enim earum perferendis consequuntur. Molestiae aliquam error consequuntur sunt.', 0, '2021-04-22 10:12:52', '2021-04-22 10:12:52'),
(223, 29, 'Skye Braun', 'Et ducimus molestias consequatur. Omnis id suscipit ut. Reprehenderit totam consequuntur sit est.', 5, '2021-04-22 10:12:52', '2021-04-22 10:12:52'),
(224, 48, 'Gussie Smitham', 'Tempora velit dolorem qui minus fugiat. Dolore recusandae quia voluptatem expedita ut. Aspernatur dolore expedita esse. Fuga saepe autem occaecati iure.', 1, '2021-04-22 10:12:52', '2021-04-22 10:12:52'),
(225, 37, 'Sheldon Wintheiser', 'Voluptas numquam delectus facere cupiditate rerum rem officiis eaque. Illo est maiores voluptates accusamus optio. Culpa repudiandae dolor molestias nobis blanditiis exercitationem in. Magni similique neque asperiores sed aut esse et.', 2, '2021-04-22 10:12:52', '2021-04-22 10:12:52'),
(226, 32, 'Kellie Spencer', 'Aut est tenetur recusandae incidunt est. Dolor fugit sequi perferendis odit. Blanditiis quibusdam exercitationem expedita qui incidunt placeat ut.', 1, '2021-04-22 10:12:52', '2021-04-22 10:12:52'),
(227, 25, 'Mrs. Lorine Nienow', 'Voluptas libero non et libero illum quasi minus voluptatum. Blanditiis accusamus rerum et tenetur nam et. Ut rerum veniam fuga delectus magni.', 4, '2021-04-22 10:12:52', '2021-04-22 10:12:52'),
(228, 48, 'Ms. Elena Jakubowski MD', 'Velit cumque iste doloribus quod. Adipisci pariatur suscipit quia maiores cum ab.', 3, '2021-04-22 10:12:52', '2021-04-22 10:12:52'),
(229, 38, 'Kaylah Marvin Jr.', 'Unde quia distinctio eum eum. Sint labore earum quod deleniti sint cumque. Vel in rerum eos iste molestiae et laborum ipsum. Qui autem dolorem quia modi tempore consectetur.', 0, '2021-04-22 10:12:52', '2021-04-22 10:12:52'),
(230, 4, 'Sigrid Prosacco', 'Laboriosam id qui laudantium eaque expedita rerum ex. Non eaque minus impedit recusandae animi repudiandae. Non aut nihil delectus nemo sapiente. Corrupti nisi perspiciatis aut et et molestiae tempore.', 2, '2021-04-22 10:12:52', '2021-04-22 10:12:52'),
(231, 45, 'Noelia Reichert', 'Adipisci magni ut optio officia aliquid. Voluptatum deserunt modi tempora corrupti incidunt. Quis autem cupiditate atque quidem distinctio accusantium.', 0, '2021-04-22 10:12:52', '2021-04-22 10:12:52'),
(232, 10, 'Erika Predovic', 'Magni iure velit ducimus sapiente qui dolorum quos. In nisi nisi sit voluptatum voluptas asperiores. Non ut itaque odio perferendis quis laboriosam ut. Error numquam expedita ut.', 2, '2021-04-22 10:12:52', '2021-04-22 10:12:52'),
(233, 49, 'Ignacio Lockman', 'Vel suscipit excepturi omnis iusto sequi est aut. Ipsum iste et nam nihil inventore praesentium est. Ea quibusdam molestias qui tenetur unde. Quasi architecto ea unde aliquam enim beatae illum.', 5, '2021-04-22 10:12:52', '2021-04-22 10:12:52'),
(234, 49, 'Edward Hagenes', 'Laborum praesentium iusto quia animi quas rerum. Labore quia exercitationem nam laborum omnis tempore magnam. Harum vero deleniti odit dicta voluptatibus neque omnis sed. Error quo modi similique adipisci expedita quia.', 1, '2021-04-22 10:12:52', '2021-04-22 10:12:52'),
(235, 29, 'Alex Hamill', 'Sint impedit molestiae labore placeat soluta pariatur. Repellendus in illum distinctio non corporis libero quas sed. Architecto voluptatem tenetur ut.', 0, '2021-04-22 10:12:52', '2021-04-22 10:12:52'),
(236, 9, 'Merlin Effertz PhD', 'Omnis molestias debitis et consequatur veritatis. Enim perferendis tenetur qui esse minima ad. Occaecati ad et et cumque nihil recusandae pariatur sit. Facilis illum autem et facere et.', 4, '2021-04-22 10:12:52', '2021-04-22 10:12:52'),
(237, 18, 'Gerhard Balistreri', 'Repudiandae dignissimos sit est sed rerum. Eligendi dolores ex aliquam distinctio explicabo. Rem deserunt et voluptas in quos. Quia veritatis dolorem quas non ut.', 3, '2021-04-22 10:12:52', '2021-04-22 10:12:52'),
(238, 13, 'Prof. Leone Labadie', 'Voluptas enim dolores exercitationem et incidunt officia dolor. Inventore quo ea delectus culpa voluptatem non vel. Repellendus explicabo veniam ipsa et voluptatem.', 4, '2021-04-22 10:12:52', '2021-04-22 10:12:52'),
(239, 20, 'Nat Halvorson', 'Nemo est aut velit. Dicta enim omnis laboriosam natus repudiandae omnis. Ut dolorem ut ut tenetur tempora quibusdam.', 2, '2021-04-22 10:12:52', '2021-04-22 10:12:52'),
(240, 9, 'Prof. Columbus Williamson', 'Dolores qui molestias debitis provident consectetur aliquid laboriosam. Id pariatur voluptates eum aperiam nihil hic debitis. Est laborum illum reprehenderit eum. At inventore non ut ut expedita.', 1, '2021-04-22 10:12:52', '2021-04-22 10:12:52'),
(241, 17, 'Helmer Herman', 'Maiores corporis nihil autem et et. Sunt quaerat amet maxime non dolorum provident. Exercitationem quo dolorem blanditiis quibusdam distinctio assumenda molestias. Quas mollitia aliquam in vitae.', 5, '2021-04-22 10:12:52', '2021-04-22 10:12:52'),
(242, 33, 'Reagan Kreiger', 'Ab dolores ipsa deleniti expedita est. Consectetur dolor animi odit ratione amet ut excepturi. Qui quod error illum blanditiis ut. Nesciunt recusandae quis ducimus ut et omnis voluptatibus.', 1, '2021-04-22 10:12:52', '2021-04-22 10:12:52'),
(243, 41, 'Ms. Rosella Greenfelder', 'Quo quae qui est delectus et. Quaerat doloribus vero ut quas. Numquam architecto porro et laudantium quaerat non animi assumenda. Et molestiae maiores et modi ut eaque qui.', 3, '2021-04-22 10:12:52', '2021-04-22 10:12:52'),
(244, 5, 'Tressie Ankunding', 'Expedita quis nisi perferendis magni hic iusto corrupti. Laboriosam cupiditate asperiores laboriosam numquam voluptatem voluptas. Eos magni molestiae minima voluptate et dolores culpa quisquam. Qui recusandae maxime deleniti.', 5, '2021-04-22 10:12:52', '2021-04-22 10:12:52'),
(245, 16, 'Prof. Reina Murazik', 'Dolorem et ratione recusandae sit est. Natus necessitatibus aut veniam eos. Eos non neque ut alias vel pariatur. Perspiciatis illo excepturi qui ullam fugiat.', 4, '2021-04-22 10:12:52', '2021-04-22 10:12:52'),
(246, 43, 'Maudie Bergstrom', 'At et est fugiat vero cum explicabo. Quisquam id non libero sed voluptatem nobis quidem. Consequatur et officiis blanditiis. Sed eveniet dolorem cumque et nisi.', 2, '2021-04-22 10:12:52', '2021-04-22 10:12:52'),
(247, 50, 'Bradley Legros', 'Dolore tenetur similique aut aliquam nam. Ut sed ut qui voluptatem est asperiores. Maiores magnam sunt vero magnam veritatis mollitia.', 4, '2021-04-22 10:12:52', '2021-04-22 10:12:52'),
(248, 48, 'Dr. Greta Collins', 'Voluptas laboriosam dolore iusto nisi vitae sequi. Sapiente dignissimos ex enim. Est non quasi et et eos necessitatibus aspernatur nam. Pariatur placeat reiciendis commodi sit.', 2, '2021-04-22 10:12:52', '2021-04-22 10:12:52'),
(249, 39, 'Bertha Lesch', 'Cumque dolorem omnis culpa et. Explicabo et sed ducimus veniam est. Dignissimos enim enim dolor officiis sequi.', 2, '2021-04-22 10:12:52', '2021-04-22 10:12:52'),
(250, 12, 'Jamison Waelchi', 'Et qui consequuntur eum. Iusto error sapiente cum hic explicabo perferendis dicta. Velit nisi dolore ratione corrupti ut porro quos voluptate. Ut praesentium officiis veniam quaerat. Ea consequatur distinctio sint laudantium.', 2, '2021-04-22 10:12:52', '2021-04-22 10:12:52'),
(251, 31, 'Ms. Ashleigh Nader Jr.', 'Eius qui nihil neque autem nihil quod. Dolor sit esse illum molestiae ea neque. Rem ad accusamus nemo dolores.', 0, '2021-04-22 10:12:52', '2021-04-22 10:12:52'),
(252, 24, 'Prof. Braxton Mayer V', 'Et nihil reiciendis hic necessitatibus eum recusandae esse. Illum nulla quia est culpa. Error consequatur delectus est cumque consectetur.', 3, '2021-04-22 10:12:52', '2021-04-22 10:12:52'),
(253, 1, 'Eldon Satterfield', 'Minus sapiente recusandae sed cupiditate deserunt voluptatum necessitatibus. Non non repellendus nisi iure. Non et aut vel et. Aut ut est est natus numquam.', 0, '2021-04-22 10:12:52', '2021-04-22 10:12:52'),
(254, 33, 'Prudence Labadie', 'Non et explicabo voluptatem dolorem occaecati. Suscipit repudiandae iste doloremque dolorem. Ipsum et distinctio et eligendi rem enim. Et iusto harum dolore exercitationem dolores.', 1, '2021-04-22 10:12:52', '2021-04-22 10:12:52'),
(255, 22, 'Prof. Dejuan Gulgowski MD', 'Omnis ratione alias a voluptatibus cum id sint. Est nemo voluptatum consequatur incidunt qui magni inventore mollitia. Odio nemo sequi nemo expedita.', 1, '2021-04-22 10:12:52', '2021-04-22 10:12:52'),
(256, 43, 'Barbara Steuber', 'Ex cupiditate minus aut. Voluptas sunt qui optio quia iste et ut. Et iure a non accusantium.', 1, '2021-04-22 10:12:52', '2021-04-22 10:12:52'),
(257, 33, 'Jazlyn Mitchell', 'Saepe praesentium sed molestias dolorem. Molestiae illum molestiae possimus error accusantium ut similique. Odio voluptas dolores aut aut iste sequi earum.', 2, '2021-04-22 10:12:52', '2021-04-22 10:12:52'),
(258, 1, 'Hardy Hauck', 'Nihil voluptatem voluptatibus cumque ipsum non omnis alias. Iure omnis cum ex qui ab. Saepe sit omnis nemo itaque odio consequatur.', 3, '2021-04-22 10:12:52', '2021-04-22 10:12:52'),
(259, 15, 'Bettie Bernhard', 'Aspernatur dolorum eius rerum ea eum temporibus modi. Molestias voluptatem amet excepturi doloribus et. Quos sint voluptas nemo ut ea. Consequatur labore quibusdam dolores iste natus natus qui.', 3, '2021-04-22 10:12:52', '2021-04-22 10:12:52'),
(260, 49, 'Dr. Pascale Pollich', 'Illum odit rerum non ipsa. Quia totam incidunt voluptates corrupti qui quod. Et quibusdam maiores quis neque magni excepturi. Occaecati omnis voluptatem ea aut excepturi nesciunt.', 4, '2021-04-22 10:12:52', '2021-04-22 10:12:52'),
(261, 35, 'Prof. Duncan Eichmann I', 'Id aut est doloremque earum sapiente. Vero consequuntur id excepturi iusto similique. Earum inventore quidem voluptatibus.', 5, '2021-04-22 10:12:52', '2021-04-22 10:12:52'),
(262, 38, 'Laila Weber Sr.', 'Et aut voluptas excepturi eaque sed. Distinctio suscipit exercitationem quos nostrum quae non. Temporibus ducimus corrupti consequatur. Velit aut illum velit est dolorum sint.', 3, '2021-04-22 10:12:52', '2021-04-22 10:12:52'),
(263, 30, 'Bert Haley', 'Inventore optio non dolorem quae iste debitis voluptates. Sed incidunt reprehenderit beatae. Itaque beatae ut et magni labore. Enim repudiandae eos praesentium eveniet autem alias.', 0, '2021-04-22 10:12:52', '2021-04-22 10:12:52'),
(264, 18, 'Eleonore Kuhlman', 'Necessitatibus officiis reiciendis recusandae totam nostrum. Doloribus earum harum eum. Ut eos reiciendis voluptate. Quas unde nihil ipsa non autem qui.', 4, '2021-04-22 10:12:52', '2021-04-22 10:12:52'),
(265, 38, 'Hazel Stehr', 'Rerum id laboriosam et quo soluta nulla. Eos architecto explicabo nobis sunt aut quos. Est eos iure molestiae veniam impedit libero.', 0, '2021-04-22 10:12:52', '2021-04-22 10:12:52'),
(266, 12, 'Wilfredo Halvorson', 'Est inventore consequatur doloremque aut rem magnam. Et enim iste voluptatum et odio. Impedit quibusdam deserunt autem mollitia placeat dolores. Saepe blanditiis iusto autem cum.', 2, '2021-04-22 10:12:52', '2021-04-22 10:12:52'),
(267, 20, 'Dr. Tiffany Hammes DDS', 'Et assumenda quos deserunt harum sint et. Qui quae earum iste similique rem dolor officia. Cumque sunt et iure beatae. Rem ut voluptas molestiae odit quo tempore.', 0, '2021-04-22 10:12:52', '2021-04-22 10:12:52'),
(268, 13, 'Dannie Hill', 'Unde vel sed maxime aspernatur molestias et. Ea architecto consequatur ex ut eius ut nobis provident. Magni velit porro et et. Ut aut quia commodi aut.', 1, '2021-04-22 10:12:52', '2021-04-22 10:12:52'),
(269, 5, 'Bonnie Dietrich', 'Ut voluptatem distinctio ut rerum explicabo. Aut tempora ex et id qui. Qui explicabo facere corrupti quasi tempore nisi molestiae.', 4, '2021-04-22 10:12:52', '2021-04-22 10:12:52'),
(270, 4, 'Kallie Pfeffer', 'Ut architecto commodi quidem dignissimos cumque amet mollitia. Numquam magni dolores voluptatem illo magnam. Harum iusto aspernatur eos ut corrupti. Qui qui velit quia unde et.', 4, '2021-04-22 10:12:52', '2021-04-22 10:12:52'),
(271, 7, 'Tyler Stracke', 'Repellat aut cum eos veniam commodi qui. Quo quia illo deserunt accusantium vitae.', 2, '2021-04-22 10:12:52', '2021-04-22 10:12:52'),
(272, 48, 'Yessenia Moen', 'Amet distinctio eos molestiae sapiente ea earum fuga. Laudantium magni eligendi rerum sit porro quod repudiandae. Incidunt voluptas non eos maxime quis. Voluptas sequi repudiandae optio. Nihil aliquid et quis quibusdam vitae.', 5, '2021-04-22 10:12:52', '2021-04-22 10:12:52'),
(273, 10, 'Ruth Huels', 'Assumenda consequuntur error facere accusamus accusamus omnis dolorem. Qui beatae excepturi harum odit modi dignissimos. Deleniti quibusdam voluptas labore adipisci non hic est porro. Id labore rerum velit quo dolor beatae.', 5, '2021-04-22 10:12:52', '2021-04-22 10:12:52'),
(274, 48, 'Prof. Cedrick Littel', 'Aliquam magni quis suscipit enim nihil ut. Ipsam doloribus earum et inventore aut. Voluptatibus provident porro quia eos repellat corporis minus.', 3, '2021-04-22 10:12:52', '2021-04-22 10:12:52'),
(275, 14, 'Mrs. Jermaine Bogan', 'Aut quae molestiae aliquam fugit repudiandae. Illo quas est vero repudiandae. Maxime culpa dolor officia cumque adipisci voluptas. Sint nobis officiis suscipit et et suscipit qui.', 1, '2021-04-22 10:12:52', '2021-04-22 10:12:52'),
(276, 44, 'Dr. Roslyn Glover DVM', 'Quas voluptas illum reiciendis quisquam iste assumenda. Qui eum at sit nesciunt sit esse veritatis. Ratione voluptatem hic tempore. Dicta facilis eos voluptatem iste possimus.', 4, '2021-04-22 10:12:52', '2021-04-22 10:12:52'),
(277, 12, 'Elise Morar', 'Vitae libero quo hic eaque consequatur at rerum. Non similique et facilis voluptas. Sapiente amet temporibus et suscipit.', 1, '2021-04-22 10:12:52', '2021-04-22 10:12:52'),
(278, 41, 'Leonel Streich', 'Aut velit repudiandae dolores quo. Numquam saepe molestias qui quo.', 5, '2021-04-22 10:12:52', '2021-04-22 10:12:52'),
(279, 5, 'Blanca Pagac', 'Esse occaecati tempore aut magni dignissimos consequatur. Dignissimos ad assumenda minus et qui. Quia est natus corporis.', 2, '2021-04-22 10:12:52', '2021-04-22 10:12:52'),
(280, 33, 'Dakota Casper', 'Iusto nihil corporis omnis aperiam repudiandae necessitatibus vitae. Voluptas error eos qui voluptatem.', 1, '2021-04-22 10:12:52', '2021-04-22 10:12:52'),
(281, 7, 'Dr. Destiny Cassin', 'Vitae aspernatur assumenda eum natus sunt voluptatem et consequatur. Eum repellendus eum vitae eveniet repellat eaque.', 2, '2021-04-22 10:12:52', '2021-04-22 10:12:52'),
(282, 3, 'Mrs. Ludie Robel V', 'Vel illum velit vel sed. Molestias provident repudiandae voluptas ut. Nostrum consequatur corrupti sint.', 1, '2021-04-22 10:12:52', '2021-04-22 10:12:52'),
(283, 7, 'Nicholas Kemmer', 'Aut quod nostrum a animi possimus. Labore ut aut voluptas animi qui. Qui corrupti ex ipsa ipsum dolor ut consequatur.', 4, '2021-04-22 10:12:52', '2021-04-22 10:12:52'),
(284, 18, 'Prof. Aron Hettinger Jr.', 'Officia dolorem et quae velit. Et non earum quos dolorem possimus neque voluptatem. Quod velit dolores laudantium laudantium. Velit excepturi maiores dolor eos eum ab necessitatibus doloribus.', 4, '2021-04-22 10:12:52', '2021-04-22 10:12:52'),
(285, 15, 'Adella Hammes', 'Dolorum numquam facere eius nobis dolor aut aut quisquam. Cumque voluptatibus quia reprehenderit voluptatem occaecati iusto perferendis. Dolorem velit cupiditate illum nesciunt voluptatibus. Sint nihil enim est hic maiores.', 0, '2021-04-22 10:12:52', '2021-04-22 10:12:52'),
(286, 24, 'Mr. Urban Raynor', 'Voluptatem voluptatum nobis quae beatae. Nihil provident et quo doloremque. Consectetur assumenda hic quas tenetur quibusdam velit dolores. Veniam odit ut voluptatem dolorem.', 1, '2021-04-22 10:12:52', '2021-04-22 10:12:52'),
(287, 36, 'Dr. Constantin Franecki PhD', 'Qui deserunt deserunt atque eos. Consectetur aut totam repudiandae repellat quibusdam. Accusamus exercitationem et odit.', 2, '2021-04-22 10:12:52', '2021-04-22 10:12:52'),
(288, 38, 'Geovanny Weimann', 'Molestias odio rerum nam natus suscipit consequatur nulla officiis. Et voluptas cupiditate doloribus natus. Sed corporis in amet. Ipsum occaecati quo porro et perferendis dolore quos.', 4, '2021-04-22 10:12:52', '2021-04-22 10:12:52'),
(289, 22, 'Vivian Volkman', 'Quam tempora nihil qui sit dolores. Dolore labore harum rerum dolores rerum autem consequatur. Sit accusamus vel ullam dolor distinctio.', 3, '2021-04-22 10:12:52', '2021-04-22 10:12:52'),
(290, 34, 'Marco Stehr', 'Eum eum et quo cumque assumenda earum eum eos. Explicabo beatae adipisci sapiente. Laborum aut quae sunt fuga qui facilis.', 5, '2021-04-22 10:12:52', '2021-04-22 10:12:52'),
(291, 13, 'Dr. Tommie Koss', 'Ea assumenda nesciunt temporibus omnis officiis molestias sequi. Et quae quia ea omnis. Natus quis nihil aspernatur beatae. Vitae mollitia distinctio hic esse et error nulla officiis.', 5, '2021-04-22 10:12:52', '2021-04-22 10:12:52'),
(292, 26, 'Solon Lang', 'Ut accusantium est qui non. Eum magni a qui accusamus. Incidunt ad et non velit aut. At ea incidunt fugit odit enim ea.', 3, '2021-04-22 10:12:52', '2021-04-22 10:12:52'),
(293, 38, 'Delaney Harris', 'Amet excepturi reiciendis laudantium nihil accusamus distinctio rerum. Optio molestias voluptatem accusamus ipsum ut nulla. Inventore voluptatum eos dolores incidunt voluptatem harum autem. Ea repellendus expedita hic veritatis quos.', 0, '2021-04-22 10:12:52', '2021-04-22 10:12:52'),
(294, 18, 'Aylin Ratke Sr.', 'Accusamus ut officia at consectetur aut ea voluptatem. Omnis molestiae at reiciendis deleniti est labore et assumenda. Sed aut incidunt eligendi esse quibusdam quia nam.', 1, '2021-04-22 10:12:52', '2021-04-22 10:12:52'),
(295, 44, 'Jaunita Langosh', 'A sed vel optio voluptatum rem laudantium. Cupiditate praesentium rerum culpa.', 4, '2021-04-22 10:12:52', '2021-04-22 10:12:52'),
(296, 45, 'Prof. Griffin Jones PhD', 'Ipsa et delectus et fuga culpa quam nemo. Mollitia ipsam repudiandae qui exercitationem dolorem iure minima magnam. Ut et quae consectetur accusantium sit natus quaerat et.', 0, '2021-04-22 10:12:52', '2021-04-22 10:12:52'),
(297, 34, 'Toy Hudson', 'Error et temporibus quis sit. Omnis vitae beatae dolorem delectus ducimus molestiae et quis. Repellat et sunt quo ad voluptatibus doloribus iure.', 5, '2021-04-22 10:12:52', '2021-04-22 10:12:52'),
(298, 6, 'Ena Gerlach', 'Corporis doloremque velit facilis commodi. Sint praesentium rerum voluptatum. Quisquam alias repellat non dicta. Dolorum aut at id natus voluptas.', 4, '2021-04-22 10:12:52', '2021-04-22 10:12:52'),
(299, 10, 'Patsy O\'Conner', 'Minus dicta odio nobis est porro assumenda exercitationem. Cupiditate perspiciatis ut qui libero eaque consequatur. Omnis nihil sunt id ipsam.', 2, '2021-04-22 10:12:52', '2021-04-22 10:12:52'),
(300, 33, 'Dejon Herzog', 'Eligendi labore occaecati nihil alias. Ipsam nobis voluptas enim ut et earum ut repudiandae. Eum velit porro velit non enim debitis.', 2, '2021-04-22 10:12:52', '2021-04-22 10:12:52');

-- --------------------------------------------------------

--
-- Table structure for table `users`
--

DROP TABLE IF EXISTS `users`;
CREATE TABLE IF NOT EXISTS `users` (
  `id` int(10) UNSIGNED NOT NULL AUTO_INCREMENT,
  `name` varchar(191) COLLATE utf8mb4_unicode_ci NOT NULL,
  `email` varchar(191) COLLATE utf8mb4_unicode_ci NOT NULL,
  `password` varchar(191) COLLATE utf8mb4_unicode_ci NOT NULL,
  `remember_token` varchar(100) COLLATE utf8mb4_unicode_ci DEFAULT NULL,
  `created_at` timestamp NULL DEFAULT NULL,
  `updated_at` timestamp NULL DEFAULT NULL,
  PRIMARY KEY (`id`),
  UNIQUE KEY `users_email_unique` (`email`)
) ENGINE=MyISAM DEFAULT CHARSET=utf8mb4 COLLATE=utf8mb4_unicode_ci;
COMMIT;

/*!40101 SET CHARACTER_SET_CLIENT=@OLD_CHARACTER_SET_CLIENT */;
/*!40101 SET CHARACTER_SET_RESULTS=@OLD_CHARACTER_SET_RESULTS */;
/*!40101 SET COLLATION_CONNECTION=@OLD_COLLATION_CONNECTION */;
